run_set,stage,version,task,horizon_years,method,n,n_converters,auc,ci_lo,ci_hi,delta_vs_ridge_all,delta_p
budget20_eff128,direct_full_downstream,raw,CN_to_MCI,2.0,direct_full_downstream,60,5.0,0.6436363636363637,0.3220338983050848,0.9137931034482758,,
budget20_eff128,direct_lora_downstream,raw,CN_to_MCI,2.0,direct_lora_downstream,60,5.0,0.6690909090909091,0.4406779661016949,0.8770063795853267,,
budget20_eff128,frozen_feature,raw,CN_to_MCI,2.0,contrastive_euclidean_finetune,60,5.0,0.3818181818181818,0.0517241379310344,0.7098641424162258,-0.3962445353767786,0.0374245472837022
budget20_eff128,frozen_feature,raw,CN_to_MCI,2.0,contrastive_euclidean_probe,60,5.0,0.4,0.0431034482758621,0.8189088021778583,-0.3777196348144871,0.0470824949698189
budget20_eff128,frozen_feature,raw,CN_to_MCI,2.0,contrastive_euclidean_s,60,5.0,0.5127272727272727,0.134303117433414,0.8232112556561081,-0.2672405432291533,0.1855130784708249
budget20_eff128,frozen_feature,raw,CN_to_MCI,2.0,contrastive_hybrid_basic_finetune,60,5.0,0.3527272727272727,0.0689655172413793,0.6332666013232049,-0.4256724084070825,0.0225352112676056
budget20_eff128,frozen_feature,raw,CN_to_MCI,2.0,contrastive_hybrid_basic_probe,60,5.0,0.3854545454545455,0.0547727272727273,0.7773467432950185,-0.3920213945841317,0.0289738430583501
budget20_eff128,frozen_feature,raw,CN_to_MCI,2.0,contrastive_hybrid_basic_s,60,5.0,0.6654545454545455,0.3793449815270936,0.913793103448276,-0.1118735970768262,0.4792756539235412
budget20_eff128,frozen_feature,raw,CN_to_MCI,2.0,contrastive_rank_kendall_basic_finetune,60,5.0,0.3672727272727273,0.0517241379310344,0.7740700129954506,-0.4108411271694325,0.0024144869215291
budget20_eff128,frozen_feature,raw,CN_to_MCI,2.0,contrastive_rank_kendall_basic_probe,60,5.0,0.4581818181818182,0.1228070175438596,0.8565584415584405,-0.3189937674520176,0.0370221327967806
budget20_eff128,frozen_feature,raw,CN_to_MCI,2.0,contrastive_rank_kendall_basic_s,60,5.0,0.6909090909090909,0.5254237288135593,0.8643596986817326,-0.0857537003629374,0.1372233400402414
budget20_eff128,frozen_feature,raw,CN_to_MCI,2.0,contrastive_regress_d_finetune,60,5.0,0.4218181818181818,0.1982758620689655,0.6842105263157895,-0.3551241837586906,0.0004024144869215
budget20_eff128,frozen_feature,raw,CN_to_MCI,2.0,contrastive_regress_d_probe,60,5.0,0.5672727272727273,0.2758620689655172,0.8362573099415205,-0.2104800447074895,0.1875251509054326
budget20_eff128,frozen_feature,raw,CN_to_MCI,2.0,contrastive_regress_d_s,60,5.0,0.6799999999999999,0.4911066729323308,0.8699481974393521,-0.0979035493172799,0.3090543259557344
budget20_eff128,frozen_feature,raw,CN_to_MCI,2.0,direct_logistic,60,5.0,0.3636363636363636,0.1563636363636363,0.576271186440678,-0.4144793575804639,0.0152917505030181
budget20_eff128,frozen_feature,raw,CN_to_MCI,2.0,ridge_dhat_all,60,5.0,0.7781818181818182,0.5734247740563531,0.9419642857142856,,
budget20_eff128,frozen_feature,raw,CN_to_MCI,2.0,ridge_dhat_finetune,60,5.0,0.7781818181818182,0.5734247740563531,0.9419642857142856,0.0,2.0
budget20_eff128,lora_euclidean,raw,CN_to_MCI,2.0,contrastive_euclidean_finetune,60,5.0,0.3818181818181818,0.0309510030864197,0.8481555451127818,-0.3954964674068802,0.0378269617706237
budget20_eff128,lora_euclidean,raw,CN_to_MCI,2.0,contrastive_euclidean_probe,60,5.0,0.6654545454545455,0.3879310344827586,0.8982773497688752,-0.1131102129601353,0.0160965794768611
budget20_eff128,lora_euclidean,raw,CN_to_MCI,2.0,contrastive_euclidean_s,60,5.0,0.5709090909090909,0.2401666666666666,0.8975400229536258,-0.2073119692887403,0.2696177062374245
budget20_eff128,lora_euclidean,raw,CN_to_MCI,2.0,contrastive_hybrid_basic_finetune,60,5.0,0.4509090909090909,0.1348353976531942,0.8432918660287075,-0.3261354745536716,0.0305835010060362
budget20_eff128,lora_euclidean,raw,CN_to_MCI,2.0,contrastive_hybrid_basic_probe,60,5.0,0.7236363636363636,0.4910714285714286,0.9269863636363632,-0.0545528174810788,0.3653923541247484
budget20_eff128,lora_euclidean,raw,CN_to_MCI,2.0,contrastive_hybrid_basic_s,60,5.0,0.7272727272727273,0.4840287081339713,0.935672514619883,-0.050779210508556,0.4253521126760563
budget20_eff128,lora_euclidean,raw,CN_to_MCI,2.0,contrastive_rank_kendall_basic_finetune,60,5.0,0.44,0.0535714285714286,0.8017241379310345,-0.3371290582380629,0.0309859154929577
budget20_eff128,lora_euclidean,raw,CN_to_MCI,2.0,contrastive_rank_kendall_basic_probe,60,5.0,0.530909090909091,0.087719298245614,0.8975172675202155,-0.246146940278358,0.0740442655935613
budget20_eff128,lora_euclidean,raw,CN_to_MCI,2.0,contrastive_rank_kendall_basic_s,60,5.0,0.6436363636363637,0.3062727272727273,0.9056140651801028,-0.1344513468378761,0.0603621730382293
budget20_eff128,lora_euclidean,raw,CN_to_MCI,2.0,contrastive_regress_d_finetune,60,5.0,0.5345454545454545,0.2455533364661654,0.8305084745762712,-0.2425895887218488,0.0185110663983903
budget20_eff128,lora_euclidean,raw,CN_to_MCI,2.0,contrastive_regress_d_probe,60,5.0,0.6181818181818182,0.3335136217948718,0.8660714285714286,-0.1600033726057361,0.0108651911468812
budget20_eff128,lora_euclidean,raw,CN_to_MCI,2.0,contrastive_regress_d_s,60,5.0,0.6690909090909091,0.3273205741626794,0.9090909090909092,-0.1090542644521136,0.1022132796780684
budget20_eff128,lora_euclidean,raw,CN_to_MCI,2.0,direct_logistic,60,5.0,0.3636363636363636,0.1563636363636363,0.576271186440678,-0.4144793575804639,0.0152917505030181
budget20_eff128,lora_euclidean,raw,CN_to_MCI,2.0,ridge_dhat_all,60,5.0,0.7781818181818182,0.5734247740563531,0.9419642857142856,,
budget20_eff128,lora_euclidean,raw,CN_to_MCI,2.0,ridge_dhat_finetune,60,5.0,0.7781818181818182,0.5734247740563531,0.9419642857142856,0.0,2.0
budget20_eff128,lora_hybrid_basic,raw,CN_to_MCI,2.0,contrastive_euclidean_finetune,60,5.0,0.3890909090909091,0.0,0.9051724137931036,-0.3888406768100644,0.0748490945674044
budget20_eff128,lora_hybrid_basic,raw,CN_to_MCI,2.0,contrastive_euclidean_probe,60,5.0,0.7090909090909091,0.5745454545454546,0.8348214285714286,-0.0688418254031691,0.193158953722334
budget20_eff128,lora_hybrid_basic,raw,CN_to_MCI,2.0,contrastive_euclidean_s,60,5.0,0.3236363636363636,0.1919723214285714,0.4582210242587601,-0.4557296756237987,0.000804828973843
budget20_eff128,lora_hybrid_basic,raw,CN_to_MCI,2.0,contrastive_hybrid_basic_finetune,60,5.0,0.4290909090909092,0.0689655172413793,0.9137931034482758,-0.3488460660496675,0.0772635814889336
budget20_eff128,lora_hybrid_basic,raw,CN_to_MCI,2.0,contrastive_hybrid_basic_probe,60,5.0,0.7272727272727273,0.5772562792677736,0.8727272727272727,-0.0506827118181036,0.1790744466800805
budget20_eff128,lora_hybrid_basic,raw,CN_to_MCI,2.0,contrastive_hybrid_basic_s,60,5.0,0.7709090909090909,0.6271186440677966,0.901661706349206,-0.007239101826048,0.8804828973843059
budget20_eff128,lora_hybrid_basic,raw,CN_to_MCI,2.0,contrastive_rank_kendall_basic_finetune,60,5.0,0.4036363636363637,0.0357142857142857,0.9066640986132471,-0.3741904359024371,0.0676056338028169
budget20_eff128,lora_hybrid_basic,raw,CN_to_MCI,2.0,contrastive_rank_kendall_basic_probe,60,5.0,0.5236363636363637,0.1637426900584795,0.896551724137931,-0.2544154616074091,0.1022132796780684
budget20_eff128,lora_hybrid_basic,raw,CN_to_MCI,2.0,contrastive_rank_kendall_basic_s,60,5.0,0.690909090909091,0.5172413793103448,0.8526785714285714,-0.0869791118052781,0.2764587525150905
budget20_eff128,lora_hybrid_basic,raw,CN_to_MCI,2.0,contrastive_regress_d_finetune,60,5.0,0.4872727272727272,0.1483484686609686,0.9224137931034484,-0.2897625911085012,0.0885311871227364
budget20_eff128,lora_hybrid_basic,raw,CN_to_MCI,2.0,contrastive_regress_d_probe,60,5.0,0.6763636363636364,0.456140350877193,0.8793103448275862,-0.1015226258782917,0.2048289738430583
budget20_eff128,lora_hybrid_basic,raw,CN_to_MCI,2.0,contrastive_regress_d_s,60,5.0,0.7236363636363637,0.5617283950617283,0.8714338951955051,-0.0552952509996278,0.4672032193158953
budget20_eff128,lora_hybrid_basic,raw,CN_to_MCI,2.0,direct_logistic,60,5.0,0.3890909090909091,0.0835755942171036,0.7249193385763255,-0.3890202516978417,0.0020120724346076
budget20_eff128,lora_hybrid_basic,raw,CN_to_MCI,2.0,ridge_dhat_all,60,5.0,0.7781818181818182,0.6428571428571428,0.9051724137931034,,
budget20_eff128,lora_hybrid_basic,raw,CN_to_MCI,2.0,ridge_dhat_finetune,60,5.0,0.7781818181818182,0.6428571428571428,0.9051724137931034,0.0,2.0
budget20_eff128,lora_regress_d,raw,CN_to_MCI,2.0,contrastive_euclidean_finetune,60,5.0,0.4436363636363636,0.1275837320574163,0.7241379310344828,-0.2987438673883675,0.0028169014084507
budget20_eff128,lora_regress_d,raw,CN_to_MCI,2.0,contrastive_euclidean_probe,60,5.0,0.76,0.6072727272727273,0.9064327485380116,0.0178886145479591,0.7686116700201208
budget20_eff128,lora_regress_d,raw,CN_to_MCI,2.0,contrastive_euclidean_s,60,5.0,0.2690909090909091,0.0730136363636364,0.5789473684210527,-0.4740836903638333,0.0197183098591549
budget20_eff128,lora_regress_d,raw,CN_to_MCI,2.0,contrastive_hybrid_basic_finetune,60,5.0,0.3854545454545455,0.0467836257309941,0.8031557881773392,-0.3566832868179236,0.0414486921529175
budget20_eff128,lora_regress_d,raw,CN_to_MCI,2.0,contrastive_hybrid_basic_probe,60,5.0,0.6763636363636364,0.4181818181818182,0.9239766081871346,-0.0650269085235839,0.152112676056338
budget20_eff128,lora_regress_d,raw,CN_to_MCI,2.0,contrastive_hybrid_basic_s,60,5.0,0.6727272727272727,0.3559322033898305,0.9642857142857144,-0.0686269782328088,0.3496981891348089
budget20_eff128,lora_regress_d,raw,CN_to_MCI,2.0,contrastive_rank_kendall_basic_finetune,60,5.0,0.4654545454545455,0.1052631578947368,0.8398392857142855,-0.2765015009804987,0.09738430583501
budget20_eff128,lora_regress_d,raw,CN_to_MCI,2.0,contrastive_rank_kendall_basic_probe,60,5.0,0.5454545454545455,0.1673245614035088,0.861965055418719,-0.1969011983118859,0.1154929577464788
budget20_eff128,lora_regress_d,raw,CN_to_MCI,2.0,contrastive_rank_kendall_basic_s,60,5.0,0.6654545454545454,0.3223944530046225,0.9396551724137931,-0.0759350352340355,0.3979879275653923
budget20_eff128,lora_regress_d,raw,CN_to_MCI,2.0,contrastive_regress_d_finetune,60,5.0,0.44,0.09375,0.7882727272727259,-0.3019442332763588,0.0438631790744466
budget20_eff128,lora_regress_d,raw,CN_to_MCI,2.0,contrastive_regress_d_probe,60,5.0,0.5781818181818181,0.1293103448275862,0.9310344827586208,-0.1637656781881385,0.2189134808853118
budget20_eff128,lora_regress_d,raw,CN_to_MCI,2.0,contrastive_regress_d_s,60,5.0,0.7236363636363636,0.5172413793103448,0.9137931034482758,-0.0181371501964075,0.6301810865191146
budget20_eff128,lora_regress_d,raw,CN_to_MCI,2.0,direct_logistic,60,5.0,0.4472727272727273,0.2188368055555555,0.6762651515151513,-0.2953423784146416,0.0004024144869215
budget20_eff128,lora_regress_d,raw,CN_to_MCI,2.0,ridge_dhat_all,60,5.0,0.7418181818181817,0.5423978065802593,0.928763640873016,,
budget20_eff128,lora_regress_d,raw,CN_to_MCI,2.0,ridge_dhat_finetune,60,5.0,0.7418181818181817,0.5423978065802593,0.928763640873016,0.0,2.0
old_full_20eff128_reference,full_euclidean,raw,CN_to_MCI,2.0,contrastive_euclidean_finetune,60,5.0,0.4981818181818181,0.1607142857142857,0.8354239811912213,-0.2791268730642472,0.028169014084507
old_full_20eff128_reference,full_euclidean,raw,CN_to_MCI,2.0,contrastive_euclidean_probe,60,5.0,0.7563636363636363,0.5789473684210527,0.9177491685187806,-0.0217757142957363,0.6265593561368209
old_full_20eff128_reference,full_euclidean,raw,CN_to_MCI,2.0,contrastive_euclidean_s,60,5.0,0.3963636363636363,0.0617283950617283,0.7601812865497075,-0.3825659571113622,0.007645875251509
old_full_20eff128_reference,full_euclidean,raw,CN_to_MCI,2.0,contrastive_hybrid_basic_finetune,60,5.0,0.4363636363636364,0.1345029239766082,0.8135593220338984,-0.340620869287371,0.0313883299798792
old_full_20eff128_reference,full_euclidean,raw,CN_to_MCI,2.0,contrastive_hybrid_basic_probe,60,5.0,0.6909090909090909,0.4414944334215168,0.9017857142857144,-0.0873453934694882,0.0619718309859154
old_full_20eff128_reference,full_euclidean,raw,CN_to_MCI,2.0,contrastive_hybrid_basic_s,60,5.0,0.6836363636363637,0.4056449843260188,0.9005847953216375,-0.0941929739861657,0.0374245472837022
old_full_20eff128_reference,full_euclidean,raw,CN_to_MCI,2.0,contrastive_rank_kendall_basic_finetune,60,5.0,0.44,0.1724137931034483,0.7355557461406512,-0.3370335348778691,0.0100603621730382
old_full_20eff128_reference,full_euclidean,raw,CN_to_MCI,2.0,contrastive_rank_kendall_basic_probe,60,5.0,0.5781818181818182,0.2446024130190797,0.8731830433717224,-0.1988137324779859,0.0668008048289738
old_full_20eff128_reference,full_euclidean,raw,CN_to_MCI,2.0,contrastive_rank_kendall_basic_s,60,5.0,0.6763636363636364,0.4219521943573667,0.8771929824561403,-0.1018290928169042,0.0841046277665996
old_full_20eff128_reference,full_euclidean,raw,CN_to_MCI,2.0,contrastive_regress_d_finetune,60,5.0,0.4654545454545455,0.1034482758620689,0.8363397129186603,-0.3118231819197004,0.0229376257545271
old_full_20eff128_reference,full_euclidean,raw,CN_to_MCI,2.0,contrastive_regress_d_probe,60,5.0,0.6072727272727273,0.2586206896551724,0.8947368421052632,-0.1700359943060544,0.0816901408450704
old_full_20eff128_reference,full_euclidean,raw,CN_to_MCI,2.0,contrastive_regress_d_s,60,5.0,0.6690909090909092,0.3351331588669951,0.9064327485380116,-0.1090962312307116,0.0993963782696177
old_full_20eff128_reference,full_euclidean,raw,CN_to_MCI,2.0,direct_logistic,60,5.0,0.3636363636363636,0.1563636363636363,0.576271186440678,-0.4144793575804639,0.0152917505030181
old_full_20eff128_reference,full_euclidean,raw,CN_to_MCI,2.0,ridge_dhat_all,60,5.0,0.7781818181818182,0.5734247740563531,0.9419642857142856,,
old_full_20eff128_reference,full_euclidean,raw,CN_to_MCI,2.0,ridge_dhat_finetune,60,5.0,0.7781818181818182,0.5734247740563531,0.9419642857142856,0.0,2.0
old_full_20eff128_reference,full_hybrid_basic,raw,CN_to_MCI,2.0,contrastive_euclidean_finetune,60,5.0,0.5345454545454545,0.2122166666666667,0.8070175438596492,-0.3490548395750594,0.0064386317907444
old_full_20eff128_reference,full_hybrid_basic,raw,CN_to_MCI,2.0,contrastive_euclidean_probe,60,5.0,0.76,0.5758928571428571,0.9285714285714286,-0.1239723963129984,0.0515090543259557
old_full_20eff128_reference,full_hybrid_basic,raw,CN_to_MCI,2.0,contrastive_euclidean_s,60,5.0,0.2690909090909091,0.0714285714285714,0.4912280701754385,-0.6153151291945285,0.0004024144869215
old_full_20eff128_reference,full_hybrid_basic,raw,CN_to_MCI,2.0,contrastive_hybrid_basic_finetune,60,5.0,0.5236363636363637,0.1871345029239766,0.8448275862068966,-0.359794964156937,0.0515090543259557
old_full_20eff128_reference,full_hybrid_basic,raw,CN_to_MCI,2.0,contrastive_hybrid_basic_probe,60,5.0,0.8290909090909091,0.7008928571428571,0.9463727678571427,-0.0546413127860199,0.3505030181086519
old_full_20eff128_reference,full_hybrid_basic,raw,CN_to_MCI,2.0,contrastive_hybrid_basic_s,60,5.0,0.8327272727272728,0.7092891483516484,0.9469608516483512,-0.0508604335806517,0.406841046277666
old_full_20eff128_reference,full_hybrid_basic,raw,CN_to_MCI,2.0,contrastive_rank_kendall_basic_finetune,60,5.0,0.6254545454545455,0.3508771929824561,0.8924188311688304,-0.2569689272984075,0.0651911468812877
old_full_20eff128_reference,full_hybrid_basic,raw,CN_to_MCI,2.0,contrastive_rank_kendall_basic_probe,60,5.0,0.7163636363636364,0.4861366071428571,0.9239766081871346,-0.1673771661676091,0.0977867203219315
old_full_20eff128_reference,full_hybrid_basic,raw,CN_to_MCI,2.0,contrastive_rank_kendall_basic_s,60,5.0,0.8800000000000001,0.7586206896551724,0.9827586206896552,-0.0035647844655821,1.0012072434607646
old_full_20eff128_reference,full_hybrid_basic,raw,CN_to_MCI,2.0,contrastive_regress_d_finetune,60,5.0,0.5854545454545454,0.2857142857142857,0.8659421992481201,-0.2972990978275919,0.0567404426559356
old_full_20eff128_reference,full_hybrid_basic,raw,CN_to_MCI,2.0,contrastive_regress_d_probe,60,5.0,0.7454545454545455,0.5566720142602496,0.9090909090909092,-0.1385806748119082,0.0853118712273641
old_full_20eff128_reference,full_hybrid_basic,raw,CN_to_MCI,2.0,contrastive_regress_d_s,60,5.0,0.850909090909091,0.7161200897867565,0.9649122807017544,-0.0333053087483912,0.5440643863179074
old_full_20eff128_reference,full_hybrid_basic,raw,CN_to_MCI,2.0,direct_logistic,60,5.0,0.4836363636363637,0.2250226860254084,0.7232142857142857,-0.400874307497423,0.0
old_full_20eff128_reference,full_hybrid_basic,raw,CN_to_MCI,2.0,ridge_dhat_all,60,5.0,0.8836363636363637,0.7796610169491525,0.9655172413793104,,
old_full_20eff128_reference,full_hybrid_basic,raw,CN_to_MCI,2.0,ridge_dhat_finetune,60,5.0,0.8836363636363637,0.7796610169491525,0.9655172413793104,0.0,2.0
old_full_20eff128_reference,full_regress_d,raw,CN_to_MCI,2.0,contrastive_euclidean_finetune,60,5.0,0.48,0.2912440191387559,0.6923143837294774,-0.3055052359280029,0.0225352112676056
old_full_20eff128_reference,full_regress_d,raw,CN_to_MCI,2.0,contrastive_euclidean_probe,60,5.0,0.8545454545454545,0.6819224964618971,0.9827586206896552,0.0701229260382666,0.4482897384305835
old_full_20eff128_reference,full_regress_d,raw,CN_to_MCI,2.0,contrastive_euclidean_s,60,5.0,0.7781818181818183,0.576271186440678,0.9491525423728814,-0.0063637088067916,0.9142857142857144
old_full_20eff128_reference,full_regress_d,raw,CN_to_MCI,2.0,contrastive_hybrid_basic_finetune,60,5.0,0.5781818181818182,0.4038461538461538,0.7615649038461532,-0.2067535487465824,0.0470824949698189
old_full_20eff128_reference,full_regress_d,raw,CN_to_MCI,2.0,contrastive_hybrid_basic_probe,60,5.0,0.8872727272727273,0.7672413793103448,0.9781818181818182,0.1025920850203294,0.1935613682092555
old_full_20eff128_reference,full_regress_d,raw,CN_to_MCI,2.0,contrastive_hybrid_basic_s,60,5.0,0.7745454545454545,0.5146198830409356,0.9548754699248112,-0.0101187091519875,0.9633802816901408
old_full_20eff128_reference,full_regress_d,raw,CN_to_MCI,2.0,contrastive_rank_kendall_basic_finetune,60,5.0,0.6145454545454545,0.4538439280626781,0.7708894878706198,-0.1700312257808684,0.0591549295774647
old_full_20eff128_reference,full_regress_d,raw,CN_to_MCI,2.0,contrastive_rank_kendall_basic_probe,60,5.0,0.6290909090909091,0.4737862976406534,0.7758029073698444,-0.1560217790900421,0.0346076458752515
old_full_20eff128_reference,full_regress_d,raw,CN_to_MCI,2.0,contrastive_rank_kendall_basic_s,60,5.0,0.8400000000000001,0.7098214285714286,0.9482758620689656,0.0546835810748384,0.482897384305835
old_full_20eff128_reference,full_regress_d,raw,CN_to_MCI,2.0,contrastive_regress_d_finetune,60,5.0,0.6036363636363636,0.4181818181818182,0.7672656739811912,-0.1812555946811794,0.0201207243460764
old_full_20eff128_reference,full_regress_d,raw,CN_to_MCI,2.0,contrastive_regress_d_probe,60,5.0,0.6436363636363637,0.3830146563342317,0.8474576271186441,-0.1412735789151404,0.1766599597585513
old_full_20eff128_reference,full_regress_d,raw,CN_to_MCI,2.0,contrastive_regress_d_s,60,5.0,0.8,0.6607142857142857,0.9279174093879974,0.0148674677181697,0.7859154929577464
old_full_20eff128_reference,full_regress_d,raw,CN_to_MCI,2.0,direct_logistic,60,5.0,0.4581818181818182,0.1877653301886792,0.7240250783699058,-0.3266382200144989,0.0338028169014084
old_full_20eff128_reference,full_regress_d,raw,CN_to_MCI,2.0,ridge_dhat_all,60,5.0,0.7854545454545454,0.6254545454545455,0.9285714285714286,,
old_full_20eff128_reference,full_regress_d,raw,CN_to_MCI,2.0,ridge_dhat_finetune,60,5.0,0.7854545454545454,0.6254545454545455,0.9285714285714286,0.0,2.0
budget20_eff128,direct_full_downstream,raw,CN_to_MCI,3.0,direct_full_downstream,49,9.0,0.5333333333333333,0.3,0.7590909090909091,,
budget20_eff128,direct_lora_downstream,raw,CN_to_MCI,3.0,direct_lora_downstream,49,9.0,0.3861111111111111,0.2200568063372941,0.5611111111111111,,
budget20_eff128,frozen_feature,raw,CN_to_MCI,3.0,contrastive_euclidean_finetune,49,9.0,0.5,0.3179427549194991,0.6870800627943485,-0.1490375354295736,0.2340468093618724
budget20_eff128,frozen_feature,raw,CN_to_MCI,3.0,contrastive_euclidean_probe,49,9.0,0.4333333333333333,0.2538062851782363,0.619047619047619,-0.2188457482164573,0.1176235247049409
budget20_eff128,frozen_feature,raw,CN_to_MCI,3.0,contrastive_euclidean_s,49,9.0,0.475,0.2388888888888888,0.7127686852154937,-0.1768465856226262,0.2044408881776355
budget20_eff128,frozen_feature,raw,CN_to_MCI,3.0,contrastive_hybrid_basic_finetune,49,9.0,0.538888888888889,0.3468531468531468,0.7286821705426357,-0.1101676860554278,0.4244848969793959
budget20_eff128,frozen_feature,raw,CN_to_MCI,3.0,contrastive_hybrid_basic_probe,49,9.0,0.3666666666666667,0.2054263565891473,0.5358857808857809,-0.2854725942242667,0.0392078415683136
budget20_eff128,frozen_feature,raw,CN_to_MCI,3.0,contrastive_hybrid_basic_s,49,9.0,0.5972222222222222,0.4013605442176871,0.7774390243902438,-0.054963178970487,0.670134026805361
budget20_eff128,frozen_feature,raw,CN_to_MCI,3.0,contrastive_rank_kendall_basic_finetune,49,9.0,0.5694444444444444,0.3722222222222222,0.7564275814275816,-0.0782439591815591,0.5189037807561512
budget20_eff128,frozen_feature,raw,CN_to_MCI,3.0,contrastive_rank_kendall_basic_probe,49,9.0,0.4666666666666667,0.2918181818181818,0.6461590790162219,-0.183848211840858,0.2008401680336067
budget20_eff128,frozen_feature,raw,CN_to_MCI,3.0,contrastive_rank_kendall_basic_s,49,9.0,0.6222222222222222,0.4590909090909091,0.7774390243902439,-0.0278340567072846,0.6773354670934186
budget20_eff128,frozen_feature,raw,CN_to_MCI,3.0,contrastive_regress_d_finetune,49,9.0,0.5277777777777778,0.3571428571428571,0.695138580931264,-0.1217725142102893,0.3188637727545509
budget20_eff128,frozen_feature,raw,CN_to_MCI,3.0,contrastive_regress_d_probe,49,9.0,0.5083333333333333,0.3129199372056515,0.7091014799154336,-0.1444522902358413,0.239247849569914
budget20_eff128,frozen_feature,raw,CN_to_MCI,3.0,contrastive_regress_d_s,49,9.0,0.6333333333333333,0.4388888888888889,0.8140243902439024,-0.0187394340150588,0.8561712342468494
budget20_eff128,frozen_feature,raw,CN_to_MCI,3.0,direct_logistic,49,9.0,0.4861111111111111,0.3048780487804878,0.6743619558735838,-0.1651768704998585,0.2432486497299459
budget20_eff128,frozen_feature,raw,CN_to_MCI,3.0,ridge_dhat_all,49,9.0,0.65,0.4679487179487179,0.8277777777777778,,
budget20_eff128,frozen_feature,raw,CN_to_MCI,3.0,ridge_dhat_finetune,49,9.0,0.65,0.4679487179487179,0.8277777777777778,0.0,2.0
budget20_eff128,lora_euclidean,raw,CN_to_MCI,3.0,contrastive_euclidean_finetune,49,9.0,0.375,0.2205128205128205,0.5277777777777777,-0.2767089570640333,0.0148029605921184
budget20_eff128,lora_euclidean,raw,CN_to_MCI,3.0,contrastive_euclidean_probe,49,9.0,0.5972222222222222,0.4076923076923077,0.7790697674418605,-0.0538334276723057,0.4196839367873575
budget20_eff128,lora_euclidean,raw,CN_to_MCI,3.0,contrastive_euclidean_s,49,9.0,0.5472222222222223,0.3333333333333333,0.753881118881119,-0.1015691303252086,0.4364872974594919
budget20_eff128,lora_euclidean,raw,CN_to_MCI,3.0,contrastive_hybrid_basic_finetune,49,9.0,0.3888888888888888,0.227891156462585,0.558836898395722,-0.2637827187836459,0.0368073614722944
budget20_eff128,lora_euclidean,raw,CN_to_MCI,3.0,contrastive_hybrid_basic_probe,49,9.0,0.6472222222222221,0.4749679487179487,0.816343537414966,-0.0007534686174878,0.9981996399279855
budget20_eff128,lora_euclidean,raw,CN_to_MCI,3.0,contrastive_hybrid_basic_s,49,9.0,0.6499999999999999,0.4693799058084772,0.8227392344497608,0.0020549760517054,1.0014002800560111
budget20_eff128,lora_euclidean,raw,CN_to_MCI,3.0,contrastive_rank_kendall_basic_finetune,49,9.0,0.4555555555555555,0.2804878048780487,0.6356786900806836,-0.194568832946038,0.0328065613122624
budget20_eff128,lora_euclidean,raw,CN_to_MCI,3.0,contrastive_rank_kendall_basic_probe,49,9.0,0.5194444444444444,0.3361004273504274,0.7051282051282052,-0.1311810431199355,0.0996199239847969
budget20_eff128,lora_euclidean,raw,CN_to_MCI,3.0,contrastive_rank_kendall_basic_s,49,9.0,0.5944444444444444,0.4038115038115037,0.7861237373737374,-0.0552216236703168,0.4336867373474695
budget20_eff128,lora_euclidean,raw,CN_to_MCI,3.0,contrastive_regress_d_finetune,49,9.0,0.5361111111111111,0.3693138111888112,0.7027777777777777,-0.1133500067440399,0.1328265653130626
budget20_eff128,lora_euclidean,raw,CN_to_MCI,3.0,contrastive_regress_d_probe,49,9.0,0.5361111111111111,0.3636363636363636,0.7103917786626847,-0.1145280704437588,0.1748349669933986
budget20_eff128,lora_euclidean,raw,CN_to_MCI,3.0,contrastive_regress_d_s,49,9.0,0.6083333333333333,0.4054515098722415,0.8027777777777777,-0.0413263490062826,0.5521104220844169
budget20_eff128,lora_euclidean,raw,CN_to_MCI,3.0,direct_logistic,49,9.0,0.4861111111111111,0.3048780487804878,0.6743619558735838,-0.1651768704998585,0.2432486497299459
budget20_eff128,lora_euclidean,raw,CN_to_MCI,3.0,ridge_dhat_all,49,9.0,0.65,0.4679487179487179,0.8277777777777778,,
budget20_eff128,lora_euclidean,raw,CN_to_MCI,3.0,ridge_dhat_finetune,49,9.0,0.65,0.4679487179487179,0.8277777777777778,0.0,2.0
budget20_eff128,lora_hybrid_basic,raw,CN_to_MCI,3.0,contrastive_euclidean_finetune,49,9.0,0.375,0.217687074829932,0.5444444444444444,-0.2243162374752836,0.01000200040008
budget20_eff128,lora_hybrid_basic,raw,CN_to_MCI,3.0,contrastive_euclidean_probe,49,9.0,0.5583333333333333,0.375,0.7368421052631579,-0.0381817373151909,0.3336667333466693
budget20_eff128,lora_hybrid_basic,raw,CN_to_MCI,3.0,contrastive_euclidean_s,49,9.0,0.45,0.2679175475687103,0.6409090909090909,-0.1525125699652256,0.3940788157631526
budget20_eff128,lora_hybrid_basic,raw,CN_to_MCI,3.0,contrastive_hybrid_basic_finetune,49,9.0,0.4166666666666666,0.2439024390243902,0.6007751937984496,-0.1824449236630107,0.0192038407681536
budget20_eff128,lora_hybrid_basic,raw,CN_to_MCI,3.0,contrastive_hybrid_basic_probe,49,9.0,0.5722222222222222,0.3841463414634146,0.7641596310193873,-0.0243331176485787,0.4816963392678535
budget20_eff128,lora_hybrid_basic,raw,CN_to_MCI,3.0,contrastive_hybrid_basic_s,49,9.0,0.586111111111111,0.391656976744186,0.7791114943807723,-0.0101855482708294,0.8249649929985997
budget20_eff128,lora_hybrid_basic,raw,CN_to_MCI,3.0,contrastive_rank_kendall_basic_finetune,49,9.0,0.5777777777777777,0.3695591787439614,0.7835365853658536,-0.0179800791108786,0.7761552310462092
budget20_eff128,lora_hybrid_basic,raw,CN_to_MCI,3.0,contrastive_rank_kendall_basic_probe,49,9.0,0.5,0.2833333333333333,0.717948717948718,-0.0984198920062808,0.2924584916983396
budget20_eff128,lora_hybrid_basic,raw,CN_to_MCI,3.0,contrastive_rank_kendall_basic_s,49,9.0,0.5861111111111111,0.3999760765550239,0.7674788583509515,-0.010532486152271,0.863372674534907
budget20_eff128,lora_hybrid_basic,raw,CN_to_MCI,3.0,contrastive_regress_d_finetune,49,9.0,0.5527777777777778,0.3333333333333333,0.7622636604273022,-0.0441001292398445,0.5449089817963593
budget20_eff128,lora_hybrid_basic,raw,CN_to_MCI,3.0,contrastive_regress_d_probe,49,9.0,0.5416666666666666,0.3643291592128801,0.7229781704781706,-0.0557884465688009,0.3520704140828166
budget20_eff128,lora_hybrid_basic,raw,CN_to_MCI,3.0,contrastive_regress_d_s,49,9.0,0.5722222222222222,0.3888321995464853,0.7562093495934964,-0.0243539430768566,0.6809361872374475
budget20_eff128,lora_hybrid_basic,raw,CN_to_MCI,3.0,direct_logistic,49,9.0,0.4083333333333333,0.2409090909090908,0.5792903852951573,-0.1910123986670489,0.0404080816163232
budget20_eff128,lora_hybrid_basic,raw,CN_to_MCI,3.0,ridge_dhat_all,49,9.0,0.5972222222222222,0.4114646464646464,0.7772810421286032,,
budget20_eff128,lora_hybrid_basic,raw,CN_to_MCI,3.0,ridge_dhat_finetune,49,9.0,0.5972222222222222,0.4114646464646464,0.7772810421286032,0.0,2.0
budget20_eff128,lora_regress_d,raw,CN_to_MCI,3.0,contrastive_euclidean_finetune,49,9.0,0.4944444444444444,0.3,0.7006802721088435,-0.071485389297082,0.390878175635127
budget20_eff128,lora_regress_d,raw,CN_to_MCI,3.0,contrastive_euclidean_probe,49,9.0,0.55,0.3445088075880758,0.7530487804878049,-0.0154411703628939,0.8009601920384077
budget20_eff128,lora_regress_d,raw,CN_to_MCI,3.0,contrastive_euclidean_s,49,9.0,0.4361111111111111,0.2136363636363636,0.6616456324446967,-0.1368687990960231,0.4828965793158631
budget20_eff128,lora_regress_d,raw,CN_to_MCI,3.0,contrastive_hybrid_basic_finetune,49,9.0,0.4888888888888889,0.2908985200845665,0.7000000000000001,-0.0764851794511547,0.3332666533306661
budget20_eff128,lora_regress_d,raw,CN_to_MCI,3.0,contrastive_hybrid_basic_probe,49,9.0,0.5333333333333333,0.3317344497607656,0.7378193960511034,-0.0339679236860679,0.5293058611722344
budget20_eff128,lora_regress_d,raw,CN_to_MCI,3.0,contrastive_hybrid_basic_s,49,9.0,0.5333333333333333,0.3177543110267362,0.75,-0.0346805017604903,0.6365273054610923
budget20_eff128,lora_regress_d,raw,CN_to_MCI,3.0,contrastive_rank_kendall_basic_finetune,49,9.0,0.4388888888888889,0.253835005574136,0.6353242835595777,-0.1311954150234453,0.2184436887377475
budget20_eff128,lora_regress_d,raw,CN_to_MCI,3.0,contrastive_rank_kendall_basic_probe,49,9.0,0.475,0.2583712121212121,0.7027777777777777,-0.0921304716776559,0.2008401680336067
budget20_eff128,lora_regress_d,raw,CN_to_MCI,3.0,contrastive_rank_kendall_basic_s,49,9.0,0.5055555555555555,0.2804878048780488,0.7277777777777777,-0.0622377387295367,0.3784756951390278
budget20_eff128,lora_regress_d,raw,CN_to_MCI,3.0,contrastive_regress_d_finetune,49,9.0,0.4,0.2111111111111111,0.6076923076923076,-0.1692578065071495,0.0516103220644128
budget20_eff128,lora_regress_d,raw,CN_to_MCI,3.0,contrastive_regress_d_probe,49,9.0,0.475,0.2402390180878553,0.7073170731707317,-0.0936468133186279,0.24124824964993
budget20_eff128,lora_regress_d,raw,CN_to_MCI,3.0,contrastive_regress_d_s,49,9.0,0.5277777777777777,0.3299319727891157,0.7333333333333333,-0.03886025532476,0.410882176435287
budget20_eff128,lora_regress_d,raw,CN_to_MCI,3.0,direct_logistic,49,9.0,0.4111111111111111,0.1985449002217295,0.6395401215168658,-0.1577495596877401,0.2048409681936387
budget20_eff128,lora_regress_d,raw,CN_to_MCI,3.0,ridge_dhat_all,49,9.0,0.5666666666666667,0.3416666666666667,0.7833974358974362,,
budget20_eff128,lora_regress_d,raw,CN_to_MCI,3.0,ridge_dhat_finetune,49,9.0,0.5666666666666667,0.3416666666666667,0.7833974358974362,0.0,2.0
old_full_20eff128_reference,full_euclidean,raw,CN_to_MCI,3.0,contrastive_euclidean_finetune,49,9.0,0.4444444444444444,0.2774390243902438,0.6194799741602068,-0.2057450948597426,0.0972194438887777
old_full_20eff128_reference,full_euclidean,raw,CN_to_MCI,3.0,contrastive_euclidean_probe,49,9.0,0.6777777777777778,0.5204081632653061,0.8262195121951219,0.0287007939827593,0.6397279455891178
old_full_20eff128_reference,full_euclidean,raw,CN_to_MCI,3.0,contrastive_euclidean_s,49,9.0,0.4222222222222223,0.1833130081300812,0.6666666666666666,-0.2325736270456314,0.1144228845769153
old_full_20eff128_reference,full_euclidean,raw,CN_to_MCI,3.0,contrastive_hybrid_basic_finetune,49,9.0,0.4722222222222222,0.301829268292683,0.6500358851674642,-0.1775626832918059,0.1132226445289057
old_full_20eff128_reference,full_euclidean,raw,CN_to_MCI,3.0,contrastive_hybrid_basic_probe,49,9.0,0.6277777777777778,0.4569169960474308,0.7957410403185664,-0.0211573351331334,0.7101420284056812
old_full_20eff128_reference,full_euclidean,raw,CN_to_MCI,3.0,contrastive_hybrid_basic_s,49,9.0,0.6111111111111112,0.4329268292682927,0.7894817073170733,-0.0376934663960537,0.5521104220844169
old_full_20eff128_reference,full_euclidean,raw,CN_to_MCI,3.0,contrastive_rank_kendall_basic_finetune,49,9.0,0.5388888888888889,0.3694406906906906,0.7162387387387388,-0.1098135797629147,0.2468493698739748
old_full_20eff128_reference,full_euclidean,raw,CN_to_MCI,3.0,contrastive_rank_kendall_basic_probe,49,9.0,0.55,0.3565802027429934,0.7439166193987522,-0.1004619465257514,0.3440688137627525
old_full_20eff128_reference,full_euclidean,raw,CN_to_MCI,3.0,contrastive_rank_kendall_basic_s,49,9.0,0.6333333333333333,0.4583333333333333,0.8025719518576662,-0.0153463464438104,0.8305661132226445
old_full_20eff128_reference,full_euclidean,raw,CN_to_MCI,3.0,contrastive_regress_d_finetune,49,9.0,0.4833333333333333,0.3023113431419079,0.6621935889377751,-0.1671281419546345,0.0244048809761952
old_full_20eff128_reference,full_euclidean,raw,CN_to_MCI,3.0,contrastive_regress_d_probe,49,9.0,0.5416666666666666,0.3638762626262626,0.7176870748299319,-0.1094929171031146,0.1504300860172034
old_full_20eff128_reference,full_euclidean,raw,CN_to_MCI,3.0,contrastive_regress_d_s,49,9.0,0.6111111111111112,0.4166666666666667,0.7993197278911565,-0.0381755329343341,0.5793158631726345
old_full_20eff128_reference,full_euclidean,raw,CN_to_MCI,3.0,direct_logistic,49,9.0,0.4861111111111111,0.3048780487804878,0.6743619558735838,-0.1651768704998585,0.2428485697139427
old_full_20eff128_reference,full_euclidean,raw,CN_to_MCI,3.0,ridge_dhat_all,49,9.0,0.65,0.4679487179487179,0.8277777777777778,,
old_full_20eff128_reference,full_euclidean,raw,CN_to_MCI,3.0,ridge_dhat_finetune,49,9.0,0.65,0.4679487179487179,0.8277777777777778,0.0,2.0
old_full_20eff128_reference,full_hybrid_basic,raw,CN_to_MCI,3.0,contrastive_euclidean_finetune,49,9.0,0.4194444444444444,0.2092439078669188,0.6459440559440559,-0.2299903651320105,0.0452090418083616
old_full_20eff128_reference,full_hybrid_basic,raw,CN_to_MCI,3.0,contrastive_euclidean_probe,49,9.0,0.6027777777777777,0.3932926829268293,0.7984843967402108,-0.0438621113960126,0.4240848169633927
old_full_20eff128_reference,full_hybrid_basic,raw,CN_to_MCI,3.0,contrastive_euclidean_s,49,9.0,0.4111111111111111,0.2184541359541359,0.6158749290981282,-0.244379031788652,0.2316463292658531
old_full_20eff128_reference,full_hybrid_basic,raw,CN_to_MCI,3.0,contrastive_hybrid_basic_finetune,49,9.0,0.4555555555555555,0.237736339572698,0.6829268292682927,-0.1939945601026958,0.0788157631526305
old_full_20eff128_reference,full_hybrid_basic,raw,CN_to_MCI,3.0,contrastive_hybrid_basic_probe,49,9.0,0.6055555555555555,0.3896021021021021,0.810077519379845,-0.0417280001797735,0.3976795359071814
old_full_20eff128_reference,full_hybrid_basic,raw,CN_to_MCI,3.0,contrastive_hybrid_basic_s,49,9.0,0.6138888888888889,0.402385100381616,0.813953488372093,-0.0334106749236841,0.5377075415083017
old_full_20eff128_reference,full_hybrid_basic,raw,CN_to_MCI,3.0,contrastive_rank_kendall_basic_finetune,49,9.0,0.4055555555555555,0.1722222222222222,0.6564625850340137,-0.2445159467678482,0.0436087217443488
old_full_20eff128_reference,full_hybrid_basic,raw,CN_to_MCI,3.0,contrastive_rank_kendall_basic_probe,49,9.0,0.4833333333333333,0.2774390243902439,0.7,-0.1666080731727477,0.0672134426885377
old_full_20eff128_reference,full_hybrid_basic,raw,CN_to_MCI,3.0,contrastive_rank_kendall_basic_s,49,9.0,0.6527777777777777,0.4361111111111111,0.8571911196911198,0.0053681309568177,0.9381876375275054
old_full_20eff128_reference,full_hybrid_basic,raw,CN_to_MCI,3.0,contrastive_regress_d_finetune,49,9.0,0.4861111111111111,0.2409063192904656,0.7333333333333333,-0.1640372831281495,0.0704140828165633
old_full_20eff128_reference,full_hybrid_basic,raw,CN_to_MCI,3.0,contrastive_regress_d_probe,49,9.0,0.5722222222222222,0.3550538833147528,0.78474025974026,-0.076315490022418,0.2464492898579716
old_full_20eff128_reference,full_hybrid_basic,raw,CN_to_MCI,3.0,contrastive_regress_d_s,49,9.0,0.6305555555555555,0.408301282051282,0.8401835152665719,-0.017161402993894,0.7941588317663533
old_full_20eff128_reference,full_hybrid_basic,raw,CN_to_MCI,3.0,direct_logistic,49,9.0,0.3388888888888889,0.1638888888888889,0.5387661498708011,-0.3119098334382463,0.0064012802560512
old_full_20eff128_reference,full_hybrid_basic,raw,CN_to_MCI,3.0,ridge_dhat_all,49,9.0,0.6472222222222223,0.4185927859515898,0.8545718050065877,,
old_full_20eff128_reference,full_hybrid_basic,raw,CN_to_MCI,3.0,ridge_dhat_finetune,49,9.0,0.6472222222222223,0.4185927859515898,0.8545718050065877,0.0,2.0
old_full_20eff128_reference,full_regress_d,raw,CN_to_MCI,3.0,contrastive_euclidean_finetune,49,9.0,0.5277777777777778,0.337806411062225,0.7136363636363636,-0.1792527256334909,0.1016203240648129
old_full_20eff128_reference,full_regress_d,raw,CN_to_MCI,3.0,contrastive_euclidean_probe,49,9.0,0.725,0.55100561963916,0.8821153846153849,0.019504712352631,0.7785557111422284
old_full_20eff128_reference,full_regress_d,raw,CN_to_MCI,3.0,contrastive_euclidean_s,49,9.0,0.7944444444444445,0.6499829931972789,0.9222222222222222,0.0880325132753865,0.2656531306261252
old_full_20eff128_reference,full_regress_d,raw,CN_to_MCI,3.0,contrastive_hybrid_basic_finetune,49,9.0,0.5055555555555555,0.326530612244898,0.6818357998590558,-0.2040035267420179,0.0800160032006401
old_full_20eff128_reference,full_regress_d,raw,CN_to_MCI,3.0,contrastive_hybrid_basic_probe,49,9.0,0.7694444444444444,0.6178846153846154,0.9024559620596206,0.063114410661545,0.3776755351070214
old_full_20eff128_reference,full_regress_d,raw,CN_to_MCI,3.0,contrastive_hybrid_basic_s,49,9.0,0.7472222222222222,0.5680042287185144,0.9031007751937984,0.0390221823109523,0.7121424284856971
old_full_20eff128_reference,full_regress_d,raw,CN_to_MCI,3.0,contrastive_rank_kendall_basic_finetune,49,9.0,0.5444444444444444,0.3612373737373738,0.725,-0.1625314139165319,0.1468293658731746
old_full_20eff128_reference,full_regress_d,raw,CN_to_MCI,3.0,contrastive_rank_kendall_basic_probe,49,9.0,0.6694444444444445,0.5,0.8277777777777777,-0.036395393398145,0.5605121024204841
old_full_20eff128_reference,full_regress_d,raw,CN_to_MCI,3.0,contrastive_rank_kendall_basic_s,49,9.0,0.6972222222222222,0.5230492030492031,0.858974358974359,-0.0077814146912999,0.8725745149029805
old_full_20eff128_reference,full_regress_d,raw,CN_to_MCI,3.0,contrastive_regress_d_finetune,49,9.0,0.5555555555555556,0.3851091476091476,0.7230769230769231,-0.1524970383416522,0.1268253650730146
old_full_20eff128_reference,full_regress_d,raw,CN_to_MCI,3.0,contrastive_regress_d_probe,49,9.0,0.6638888888888889,0.5,0.8163265306122449,-0.0431389054057875,0.5253050610122024
old_full_20eff128_reference,full_regress_d,raw,CN_to_MCI,3.0,contrastive_regress_d_s,49,9.0,0.6722222222222223,0.5072241940254363,0.8262195121951219,-0.0338769560146941,0.5297059411882377
old_full_20eff128_reference,full_regress_d,raw,CN_to_MCI,3.0,direct_logistic,49,9.0,0.5416666666666666,0.3410852713178294,0.738095238095238,-0.1657102913322198,0.1308261652330466
old_full_20eff128_reference,full_regress_d,raw,CN_to_MCI,3.0,ridge_dhat_all,49,9.0,0.7055555555555555,0.5191875981161694,0.8707515542102009,,
old_full_20eff128_reference,full_regress_d,raw,CN_to_MCI,3.0,ridge_dhat_finetune,49,9.0,0.7055555555555555,0.5191875981161694,0.8707515542102009,0.0,2.0
budget20_eff128,direct_full_downstream,raw,CN_to_MCI,4.0,direct_full_downstream,42,9.0,0.4478114478114477,0.228945367655045,0.6759259259259258,,
budget20_eff128,direct_lora_downstream,raw,CN_to_MCI,4.0,direct_lora_downstream,42,9.0,0.4006734006734006,0.21875,0.5992678005545653,,
budget20_eff128,frozen_feature,raw,CN_to_MCI,4.0,contrastive_euclidean_finetune,42,9.0,0.303030303030303,0.1375,0.4926686217008797,-0.3468127440652399,0.0268053610722144
budget20_eff128,frozen_feature,raw,CN_to_MCI,4.0,contrastive_euclidean_probe,42,9.0,0.3703703703703703,0.1918367346938775,0.5650202288133324,-0.278712227046227,0.0464092818563712
budget20_eff128,frozen_feature,raw,CN_to_MCI,4.0,contrastive_euclidean_s,42,9.0,0.4747474747474747,0.2388970588235294,0.7272727272727273,-0.1701597219832825,0.2240448089617923
budget20_eff128,frozen_feature,raw,CN_to_MCI,4.0,contrastive_hybrid_basic_finetune,42,9.0,0.3973063973063973,0.1950512890341321,0.6125694444444446,-0.2534063365493941,0.1176235247049409
budget20_eff128,frozen_feature,raw,CN_to_MCI,4.0,contrastive_hybrid_basic_probe,42,9.0,0.3063973063973064,0.1499780058651026,0.4822292626728114,-0.3436723245300382,0.022004400880176
budget20_eff128,frozen_feature,raw,CN_to_MCI,4.0,contrastive_hybrid_basic_s,42,9.0,0.6195286195286195,0.4204081632653061,0.8,-0.0302588290932534,0.8133626725345069
budget20_eff128,frozen_feature,raw,CN_to_MCI,4.0,contrastive_rank_kendall_basic_finetune,42,9.0,0.3198653198653199,0.1459136059136058,0.5218855218855218,-0.329495974313931,0.0388077615523104
budget20_eff128,frozen_feature,raw,CN_to_MCI,4.0,contrastive_rank_kendall_basic_probe,42,9.0,0.3434343434343434,0.1654411764705882,0.5405447635135135,-0.3067849039330274,0.0476095219043808
budget20_eff128,frozen_feature,raw,CN_to_MCI,4.0,contrastive_rank_kendall_basic_s,42,9.0,0.6228956228956228,0.4444444444444444,0.7904503676470589,-0.0262194675633018,0.7349469893978796
budget20_eff128,frozen_feature,raw,CN_to_MCI,4.0,contrastive_regress_d_finetune,42,9.0,0.3468013468013468,0.1709401709401709,0.5416877104377106,-0.3030549610460985,0.0572114422884576
budget20_eff128,frozen_feature,raw,CN_to_MCI,4.0,contrastive_regress_d_probe,42,9.0,0.4040404040404041,0.2022058823529411,0.6216853216853219,-0.2462856027137442,0.1068213642728545
budget20_eff128,frozen_feature,raw,CN_to_MCI,4.0,contrastive_regress_d_s,42,9.0,0.6262626262626263,0.4163210148924434,0.8249200336700337,-0.0207540995244584,0.8485697139427886
budget20_eff128,frozen_feature,raw,CN_to_MCI,4.0,direct_logistic,42,9.0,0.4242424242424242,0.2244897959183673,0.6263008463008465,-0.2287287576249541,0.1084216843368673
budget20_eff128,frozen_feature,raw,CN_to_MCI,4.0,ridge_dhat_all,42,9.0,0.6498316498316499,0.452095588235294,0.8215524615524616,,
budget20_eff128,frozen_feature,raw,CN_to_MCI,4.0,ridge_dhat_finetune,42,9.0,0.6498316498316499,0.452095588235294,0.8215524615524616,0.0,2.0
budget20_eff128,lora_euclidean,raw,CN_to_MCI,4.0,contrastive_euclidean_finetune,42,9.0,0.3703703703703703,0.1708975612201418,0.5836734693877551,-0.2806733978825221,0.0176035207041408
budget20_eff128,lora_euclidean,raw,CN_to_MCI,4.0,contrastive_euclidean_probe,42,9.0,0.5589225589225589,0.3551020408163265,0.7531520344574781,-0.0896267157931164,0.2264452890578115
budget20_eff128,lora_euclidean,raw,CN_to_MCI,4.0,contrastive_euclidean_s,42,9.0,0.5353535353535354,0.3080152027027026,0.7513513513513513,-0.1110067325275923,0.4204840968193639
budget20_eff128,lora_euclidean,raw,CN_to_MCI,4.0,contrastive_hybrid_basic_finetune,42,9.0,0.4006734006734007,0.188034188034188,0.6195286195286195,-0.2512325573397167,0.0488097619523904
budget20_eff128,lora_euclidean,raw,CN_to_MCI,4.0,contrastive_hybrid_basic_probe,42,9.0,0.6262626262626263,0.4342105263157895,0.794781255610749,-0.022099341666811,0.7749549909981996
budget20_eff128,lora_euclidean,raw,CN_to_MCI,4.0,contrastive_hybrid_basic_s,42,9.0,0.6296296296296295,0.4222222222222222,0.8047138047138047,-0.0184816975185082,0.8409681936387278
budget20_eff128,lora_euclidean,raw,CN_to_MCI,4.0,contrastive_rank_kendall_basic_finetune,42,9.0,0.4006734006734006,0.1838160264105642,0.6244897959183673,-0.2511495536862588,0.0452090418083616
budget20_eff128,lora_euclidean,raw,CN_to_MCI,4.0,contrastive_rank_kendall_basic_probe,42,9.0,0.4208754208754208,0.2257893385813297,0.6158520690778756,-0.2309195558042759,0.0292058411682336
budget20_eff128,lora_euclidean,raw,CN_to_MCI,4.0,contrastive_rank_kendall_basic_s,42,9.0,0.5723905723905724,0.3675225225225225,0.7609470934838581,-0.0751514902249274,0.3060612122424485
budget20_eff128,lora_euclidean,raw,CN_to_MCI,4.0,contrastive_regress_d_finetune,42,9.0,0.3905723905723905,0.1999537037037036,0.5833333333333333,-0.2612135680985524,0.0112022404480896
budget20_eff128,lora_euclidean,raw,CN_to_MCI,4.0,contrastive_regress_d_probe,42,9.0,0.4983164983164983,0.3083220720720721,0.6805555555555556,-0.1539981924151901,0.1572314462892578
budget20_eff128,lora_euclidean,raw,CN_to_MCI,4.0,contrastive_regress_d_s,42,9.0,0.5791245791245792,0.3713036644071126,0.769241452991453,-0.0681615037898972,0.3628725745149029
budget20_eff128,lora_euclidean,raw,CN_to_MCI,4.0,direct_logistic,42,9.0,0.4242424242424242,0.2244897959183673,0.6263008463008465,-0.2287287576249541,0.1084216843368673
budget20_eff128,lora_euclidean,raw,CN_to_MCI,4.0,ridge_dhat_all,42,9.0,0.6498316498316499,0.452095588235294,0.8215524615524616,,
budget20_eff128,lora_euclidean,raw,CN_to_MCI,4.0,ridge_dhat_finetune,42,9.0,0.6498316498316499,0.452095588235294,0.8215524615524616,0.0,2.0
budget20_eff128,lora_hybrid_basic,raw,CN_to_MCI,4.0,contrastive_euclidean_finetune,42,9.0,0.34006734006734,0.1435185185185185,0.5531447087361068,-0.2630444397587665,0.02000400080016
budget20_eff128,lora_hybrid_basic,raw,CN_to_MCI,4.0,contrastive_euclidean_probe,42,9.0,0.5622895622895623,0.3535353535353535,0.75,-0.0406012192674025,0.3224644928985797
budget20_eff128,lora_hybrid_basic,raw,CN_to_MCI,4.0,contrastive_euclidean_s,42,9.0,0.4444444444444444,0.2583333333333333,0.6574074074074073,-0.1531704172531203,0.4416883376675335
budget20_eff128,lora_hybrid_basic,raw,CN_to_MCI,4.0,contrastive_hybrid_basic_finetune,42,9.0,0.4107744107744108,0.2052710730130084,0.622278219864427,-0.1916358892635694,0.046009201840368
budget20_eff128,lora_hybrid_basic,raw,CN_to_MCI,4.0,contrastive_hybrid_basic_probe,42,9.0,0.5757575757575757,0.3568950768950769,0.7675730275730276,-0.0272318470996982,0.4640928185637127
budget20_eff128,lora_hybrid_basic,raw,CN_to_MCI,4.0,contrastive_hybrid_basic_s,42,9.0,0.5892255892255892,0.36875,0.7830882352941176,-0.0134118085727876,0.7821564312862572
budget20_eff128,lora_hybrid_basic,raw,CN_to_MCI,4.0,contrastive_rank_kendall_basic_finetune,42,9.0,0.4141414141414141,0.1943181818181818,0.6388888888888888,-0.1883302094906289,0.0864172834566913
budget20_eff128,lora_hybrid_basic,raw,CN_to_MCI,4.0,contrastive_rank_kendall_basic_probe,42,9.0,0.4478114478114477,0.2163265306122448,0.6759492582768446,-0.1553757569301032,0.1232246449289858
budget20_eff128,lora_hybrid_basic,raw,CN_to_MCI,4.0,contrastive_rank_kendall_basic_s,42,9.0,0.5892255892255892,0.3786615659777424,0.7777777777777778,-0.012356237151118,0.8465693138627726
budget20_eff128,lora_hybrid_basic,raw,CN_to_MCI,4.0,contrastive_regress_d_finetune,42,9.0,0.4208754208754208,0.2021965983363042,0.6433891612200436,-0.1825545268783989,0.0136027205441088
budget20_eff128,lora_hybrid_basic,raw,CN_to_MCI,4.0,contrastive_regress_d_probe,42,9.0,0.4983164983164982,0.2938775510204082,0.6920933904804873,-0.1041649912927498,0.0984196839367873
budget20_eff128,lora_hybrid_basic,raw,CN_to_MCI,4.0,contrastive_regress_d_s,42,9.0,0.5656565656565656,0.3610926908340701,0.7536656891495601,-0.0357550046242063,0.5653130626125225
budget20_eff128,lora_hybrid_basic,raw,CN_to_MCI,4.0,direct_logistic,42,9.0,0.3804713804713805,0.1898148148148148,0.5859406565656569,-0.2242811293027949,0.0328065613122624
budget20_eff128,lora_hybrid_basic,raw,CN_to_MCI,4.0,ridge_dhat_all,42,9.0,0.6026936026936026,0.3981386999244142,0.7875,,
budget20_eff128,lora_hybrid_basic,raw,CN_to_MCI,4.0,ridge_dhat_finetune,42,9.0,0.6026936026936026,0.3981386999244142,0.7875,0.0,2.0
budget20_eff128,lora_regress_d,raw,CN_to_MCI,4.0,contrastive_euclidean_finetune,42,9.0,0.4276094276094276,0.1999999999999999,0.6580882352941175,-0.1465815103236366,0.2404480896179235
budget20_eff128,lora_regress_d,raw,CN_to_MCI,4.0,contrastive_euclidean_probe,42,9.0,0.5387205387205387,0.3182847567179364,0.7428853383458648,-0.0367016049257152,0.5289057811562312
budget20_eff128,lora_regress_d,raw,CN_to_MCI,4.0,contrastive_euclidean_s,42,9.0,0.4444444444444444,0.2186921296296296,0.6805555555555555,-0.1265229879681606,0.5585117023404681
budget20_eff128,lora_regress_d,raw,CN_to_MCI,4.0,contrastive_hybrid_basic_finetune,42,9.0,0.4175084175084174,0.1958867587439015,0.6422349491116095,-0.157982412470964,0.1440288057611522
budget20_eff128,lora_regress_d,raw,CN_to_MCI,4.0,contrastive_hybrid_basic_probe,42,9.0,0.5185185185185185,0.3030176767676767,0.720652573529412,-0.0575942009816998,0.3744748949789958
budget20_eff128,lora_regress_d,raw,CN_to_MCI,4.0,contrastive_hybrid_basic_s,42,9.0,0.5353535353535352,0.2977941176470589,0.7562664473684211,-0.0412683377074214,0.6077215443088618
budget20_eff128,lora_regress_d,raw,CN_to_MCI,4.0,contrastive_rank_kendall_basic_finetune,42,9.0,0.4848484848484848,0.2727272727272727,0.6976294561945287,-0.0902574397087347,0.4928985797159432
budget20_eff128,lora_regress_d,raw,CN_to_MCI,4.0,contrastive_rank_kendall_basic_probe,42,9.0,0.441077441077441,0.2062316176470588,0.6713252314814816,-0.1375053060194477,0.175635127025405
budget20_eff128,lora_regress_d,raw,CN_to_MCI,4.0,contrastive_rank_kendall_basic_s,42,9.0,0.5252525252525253,0.2820303506017791,0.7533336909034172,-0.0504701930698049,0.4932986597319463
budget20_eff128,lora_regress_d,raw,CN_to_MCI,4.0,contrastive_regress_d_finetune,42,9.0,0.4141414141414141,0.1964783200670297,0.6389092538286087,-0.1620966654455212,0.2024404880976195
budget20_eff128,lora_regress_d,raw,CN_to_MCI,4.0,contrastive_regress_d_probe,42,9.0,0.4309764309764309,0.1888720538720538,0.6768002606712286,-0.147059331581029,0.1352270454090818
budget20_eff128,lora_regress_d,raw,CN_to_MCI,4.0,contrastive_regress_d_s,42,9.0,0.5218855218855218,0.2962962962962963,0.7306702441077442,-0.054119699102453,0.3204640928185637
budget20_eff128,lora_regress_d,raw,CN_to_MCI,4.0,direct_logistic,42,9.0,0.3636363636363636,0.1783483483483483,0.5673469387755102,-0.2091959808890013,0.163632726545309
budget20_eff128,lora_regress_d,raw,CN_to_MCI,4.0,ridge_dhat_all,42,9.0,0.5757575757575757,0.3375,0.7904416640661569,,
budget20_eff128,lora_regress_d,raw,CN_to_MCI,4.0,ridge_dhat_finetune,42,9.0,0.5757575757575757,0.3375,0.7904416640661569,0.0,2.0
old_full_20eff128_reference,full_euclidean,raw,CN_to_MCI,4.0,contrastive_euclidean_finetune,42,9.0,0.3501683501683501,0.1381578947368421,0.5806570208728653,-0.3007013127465692,0.0164032806561312
old_full_20eff128_reference,full_euclidean,raw,CN_to_MCI,4.0,contrastive_euclidean_probe,42,9.0,0.6531986531986532,0.4775461484328479,0.8081632653061224,0.0040898223426441,0.9813962792558512
old_full_20eff128_reference,full_euclidean,raw,CN_to_MCI,4.0,contrastive_euclidean_s,42,9.0,0.4242424242424242,0.193466927337895,0.6816326530612244,-0.2246245730636805,0.1212242448489697
old_full_20eff128_reference,full_euclidean,raw,CN_to_MCI,4.0,contrastive_hybrid_basic_finetune,42,9.0,0.3804713804713804,0.176422569027611,0.5959595959595959,-0.270797180573723,0.0312062412482496
old_full_20eff128_reference,full_euclidean,raw,CN_to_MCI,4.0,contrastive_hybrid_basic_probe,42,9.0,0.5959595959595959,0.4031801226790451,0.7712693757855048,-0.0526454755069794,0.418883776755351
old_full_20eff128_reference,full_euclidean,raw,CN_to_MCI,4.0,contrastive_hybrid_basic_s,42,9.0,0.5892255892255891,0.3933713549522373,0.7692307692307693,-0.0594879658013924,0.388877775555111
old_full_20eff128_reference,full_euclidean,raw,CN_to_MCI,4.0,contrastive_rank_kendall_basic_finetune,42,9.0,0.4343434343434343,0.2154176170305202,0.6530680959252388,-0.2182049959612601,0.0900180036007201
old_full_20eff128_reference,full_euclidean,raw,CN_to_MCI,4.0,contrastive_rank_kendall_basic_probe,42,9.0,0.4747474747474747,0.2697918274425065,0.6764854426619133,-0.1773626630961034,0.1580316063212642
old_full_20eff128_reference,full_euclidean,raw,CN_to_MCI,4.0,contrastive_rank_kendall_basic_s,42,9.0,0.6127946127946127,0.4208520579949151,0.78125,-0.0355184170479526,0.6465293058611722
old_full_20eff128_reference,full_euclidean,raw,CN_to_MCI,4.0,contrastive_regress_d_finetune,42,9.0,0.4141414141414141,0.2314699074074074,0.6018518518518517,-0.2363406321356495,0.014002800560112
old_full_20eff128_reference,full_euclidean,raw,CN_to_MCI,4.0,contrastive_regress_d_probe,42,9.0,0.5084175084175084,0.3183640989552319,0.6897968631897204,-0.1431538360234164,0.1532306461292258
old_full_20eff128_reference,full_euclidean,raw,CN_to_MCI,4.0,contrastive_regress_d_s,42,9.0,0.5858585858585859,0.371423319327731,0.7721045310015902,-0.0620338404693448,0.4012802560512102
old_full_20eff128_reference,full_euclidean,raw,CN_to_MCI,4.0,direct_logistic,42,9.0,0.4208754208754208,0.2242647058823529,0.6204222378606615,-0.2320183547088667,0.1028205641128225
old_full_20eff128_reference,full_euclidean,raw,CN_to_MCI,4.0,ridge_dhat_all,42,9.0,0.6498316498316499,0.452095588235294,0.8215524615524616,,
old_full_20eff128_reference,full_euclidean,raw,CN_to_MCI,4.0,ridge_dhat_finetune,42,9.0,0.6498316498316499,0.452095588235294,0.8215524615524616,0.0,2.0
old_full_20eff128_reference,full_hybrid_basic,raw,CN_to_MCI,4.0,contrastive_euclidean_finetune,42,9.0,0.3872053872053871,0.1851851851851851,0.6066176470588235,-0.2749721050339274,0.0052010402080416
old_full_20eff128_reference,full_hybrid_basic,raw,CN_to_MCI,4.0,contrastive_euclidean_probe,42,9.0,0.5993265993265993,0.3695014662756598,0.8013468013468013,-0.0635193191694316,0.2824564912982596
old_full_20eff128_reference,full_hybrid_basic,raw,CN_to_MCI,4.0,contrastive_euclidean_s,42,9.0,0.4175084175084175,0.2215699523052464,0.6470588235294118,-0.2442454348981386,0.2480496099219844
old_full_20eff128_reference,full_hybrid_basic,raw,CN_to_MCI,4.0,contrastive_hybrid_basic_finetune,42,9.0,0.4343434343434343,0.212932098765432,0.6727941176470588,-0.227175058424874,0.0184036807361472
old_full_20eff128_reference,full_hybrid_basic,raw,CN_to_MCI,4.0,contrastive_hybrid_basic_probe,42,9.0,0.6161616161616161,0.3815624999999999,0.8235566448801744,-0.0476719283712947,0.3256651330266053
old_full_20eff128_reference,full_hybrid_basic,raw,CN_to_MCI,4.0,contrastive_hybrid_basic_s,42,9.0,0.6262626262626263,0.4007321994454347,0.8269818498850756,-0.037095787209378,0.4912982596519304
old_full_20eff128_reference,full_hybrid_basic,raw,CN_to_MCI,4.0,contrastive_rank_kendall_basic_finetune,42,9.0,0.4781144781144781,0.2426470588235294,0.7166789215686276,-0.1845672286727739,0.0232046409281856
old_full_20eff128_reference,full_hybrid_basic,raw,CN_to_MCI,4.0,contrastive_rank_kendall_basic_probe,42,9.0,0.4478114478114477,0.2448979591836735,0.6581303418803419,-0.2150755314380897,0.0196039207841568
old_full_20eff128_reference,full_hybrid_basic,raw,CN_to_MCI,4.0,contrastive_rank_kendall_basic_s,42,9.0,0.6632996632996633,0.4375,0.8612609084037657,0.0008663327479332,1.0074014802960591
old_full_20eff128_reference,full_hybrid_basic,raw,CN_to_MCI,4.0,contrastive_regress_d_finetune,42,9.0,0.4579124579124578,0.2326420297848869,0.6972972972972973,-0.2049740135446614,0.0276055211042208
old_full_20eff128_reference,full_hybrid_basic,raw,CN_to_MCI,4.0,contrastive_regress_d_probe,42,9.0,0.5420875420875421,0.3382352941176471,0.7389705882352942,-0.1202434320422704,0.0920184036807361
old_full_20eff128_reference,full_hybrid_basic,raw,CN_to_MCI,4.0,contrastive_regress_d_s,42,9.0,0.6262626262626262,0.3870434060721062,0.8408588435374152,-0.0365008532350106,0.5805161032206442
old_full_20eff128_reference,full_hybrid_basic,raw,CN_to_MCI,4.0,direct_logistic,42,9.0,0.3063973063973063,0.1387503149407911,0.4934210526315788,-0.3567595853042062,0.0052010402080416
old_full_20eff128_reference,full_hybrid_basic,raw,CN_to_MCI,4.0,ridge_dhat_all,42,9.0,0.6632996632996633,0.4191176470588235,0.8684343434343436,,
old_full_20eff128_reference,full_hybrid_basic,raw,CN_to_MCI,4.0,ridge_dhat_finetune,42,9.0,0.6632996632996633,0.4191176470588235,0.8684343434343436,0.0,2.0
old_full_20eff128_reference,full_regress_d,raw,CN_to_MCI,4.0,contrastive_euclidean_finetune,42,9.0,0.4814814814814815,0.25,0.7055839002267575,-0.2001703110688314,0.145629125825165
old_full_20eff128_reference,full_regress_d,raw,CN_to_MCI,4.0,contrastive_euclidean_probe,42,9.0,0.7104377104377105,0.5147058823529411,0.8775623582766441,0.0304852113500888,0.6977395479095819
old_full_20eff128_reference,full_regress_d,raw,CN_to_MCI,4.0,contrastive_euclidean_s,42,9.0,0.7912457912457913,0.6262626262626263,0.9292929292929292,0.1110752270491575,0.2108421684336867
old_full_20eff128_reference,full_regress_d,raw,CN_to_MCI,4.0,contrastive_hybrid_basic_finetune,42,9.0,0.5488215488215489,0.325,0.7638888888888888,-0.1329459730242925,0.3496699339867973
old_full_20eff128_reference,full_regress_d,raw,CN_to_MCI,4.0,contrastive_hybrid_basic_probe,42,9.0,0.7609427609427609,0.5891891891891892,0.9074074074074074,0.0810174999551594,0.3332666533306661
old_full_20eff128_reference,full_regress_d,raw,CN_to_MCI,4.0,contrastive_hybrid_basic_s,42,9.0,0.7373737373737373,0.5420664983164983,0.9074074074074072,0.0572141062283483,0.6409281856371274
old_full_20eff128_reference,full_regress_d,raw,CN_to_MCI,4.0,contrastive_rank_kendall_basic_finetune,42,9.0,0.478114478114478,0.2592592592592593,0.6906249999999999,-0.2043917111754186,0.1220244048809762
old_full_20eff128_reference,full_regress_d,raw,CN_to_MCI,4.0,contrastive_rank_kendall_basic_probe,42,9.0,0.5892255892255892,0.3970588235294118,0.7712693757855049,-0.0906560455277629,0.3152630526105221
old_full_20eff128_reference,full_regress_d,raw,CN_to_MCI,4.0,contrastive_rank_kendall_basic_s,42,9.0,0.6734006734006733,0.4786071047008546,0.8455882352941176,-0.0071361825585292,0.9293858771754352
old_full_20eff128_reference,full_regress_d,raw,CN_to_MCI,4.0,contrastive_regress_d_finetune,42,9.0,0.5387205387205387,0.3224489795918367,0.7459459459459459,-0.1443364180312511,0.2448489697939588
old_full_20eff128_reference,full_regress_d,raw,CN_to_MCI,4.0,contrastive_regress_d_probe,42,9.0,0.5925925925925926,0.4040795712224283,0.7749999999999999,-0.0859722035544133,0.3964792958591718
old_full_20eff128_reference,full_regress_d,raw,CN_to_MCI,4.0,contrastive_regress_d_s,42,9.0,0.6397306397306397,0.4540802537231109,0.8088235294117647,-0.0403991790396159,0.5245049009801961
old_full_20eff128_reference,full_regress_d,raw,CN_to_MCI,4.0,direct_logistic,42,9.0,0.4882154882154882,0.2609445615563524,0.7214309934017596,-0.1912231844735375,0.1748349669933986
old_full_20eff128_reference,full_regress_d,raw,CN_to_MCI,4.0,ridge_dhat_all,42,9.0,0.68013468013468,0.4702315578177647,0.861980218855219,,
old_full_20eff128_reference,full_regress_d,raw,CN_to_MCI,4.0,ridge_dhat_finetune,42,9.0,0.68013468013468,0.4702315578177647,0.861980218855219,0.0,2.0
budget20_eff128,direct_full_downstream,raw,MCI_to_AD,2.0,direct_full_downstream,65,14.0,0.7352941176470588,0.5833122895622895,0.8655663680566563,,
budget20_eff128,direct_lora_downstream,raw,MCI_to_AD,2.0,direct_lora_downstream,65,14.0,0.623249299719888,0.4603174603174603,0.7675112469230115,,
budget20_eff128,frozen_feature,raw,MCI_to_AD,2.0,contrastive_euclidean_finetune,65,14.0,0.5434173669467788,0.3872727272727272,0.6997041420118343,-0.2123577660716315,0.0064
budget20_eff128,frozen_feature,raw,MCI_to_AD,2.0,contrastive_euclidean_probe,65,14.0,0.5420168067226891,0.3933039215686274,0.6919191919191919,-0.2137398607939441,0.006
budget20_eff128,frozen_feature,raw,MCI_to_AD,2.0,contrastive_euclidean_s,65,14.0,0.4201680672268907,0.2508207070707071,0.6033167517006803,-0.3334853701216315,0.0056
budget20_eff128,frozen_feature,raw,MCI_to_AD,2.0,contrastive_hybrid_basic_finetune,65,14.0,0.5154061624649859,0.3569043739279588,0.676781818181818,-0.2399994765852334,0.004
budget20_eff128,frozen_feature,raw,MCI_to_AD,2.0,contrastive_hybrid_basic_probe,65,14.0,0.5056022408963585,0.3571372416891284,0.6568905612244899,-0.2502348877482213,0.0028
budget20_eff128,frozen_feature,raw,MCI_to_AD,2.0,contrastive_hybrid_basic_s,65,14.0,0.5392156862745098,0.344362167036626,0.7248641025641024,-0.2143764719828219,0.0148
budget20_eff128,frozen_feature,raw,MCI_to_AD,2.0,contrastive_rank_kendall_basic_finetune,65,14.0,0.6260504201680672,0.4733702225447508,0.7692340067340068,-0.1300821934935932,0.0228
budget20_eff128,frozen_feature,raw,MCI_to_AD,2.0,contrastive_rank_kendall_basic_probe,65,14.0,0.6330532212885154,0.4802947562872699,0.772202797202797,-0.1223367858890848,0.006
budget20_eff128,frozen_feature,raw,MCI_to_AD,2.0,contrastive_rank_kendall_basic_s,65,14.0,0.6666666666666666,0.5073962675255779,0.8095294249775381,-0.0883334141919478,0.0452
budget20_eff128,frozen_feature,raw,MCI_to_AD,2.0,contrastive_regress_d_finetune,65,14.0,0.6050420168067228,0.4496684350132627,0.7521222838247722,-0.150574101419684,0.0024
budget20_eff128,frozen_feature,raw,MCI_to_AD,2.0,contrastive_regress_d_probe,65,14.0,0.6442577030812324,0.4898989898989899,0.7855435924369748,-0.1108823848825167,0.014
budget20_eff128,frozen_feature,raw,MCI_to_AD,2.0,contrastive_regress_d_s,65,14.0,0.561624649859944,0.3799679633867277,0.7366865977160094,-0.1921349375015885,0.0008
budget20_eff128,frozen_feature,raw,MCI_to_AD,2.0,direct_logistic,65,14.0,0.6652661064425771,0.5168010954381753,0.8091715976331361,-0.0903172658306382,0.1608
budget20_eff128,frozen_feature,raw,MCI_to_AD,2.0,ridge_dhat_all,65,14.0,0.7549019607843137,0.6036342119419043,0.8838464431549538,,
budget20_eff128,frozen_feature,raw,MCI_to_AD,2.0,ridge_dhat_finetune,65,14.0,0.7549019607843137,0.6036342119419043,0.8838464431549538,0.0,2.0
budget20_eff128,lora_euclidean,raw,MCI_to_AD,2.0,contrastive_euclidean_finetune,65,14.0,0.6988795518207283,0.5460876815265113,0.8333333333333334,-0.0564627076102176,0.24
budget20_eff128,lora_euclidean,raw,MCI_to_AD,2.0,contrastive_euclidean_probe,65,14.0,0.7170868347338936,0.5606508875739645,0.8518518518518517,-0.0370923469751831,0.264
budget20_eff128,lora_euclidean,raw,MCI_to_AD,2.0,contrastive_euclidean_s,65,14.0,0.4425770308123249,0.2591006804413097,0.6279716810966808,-0.3131776059652855,0.0116
budget20_eff128,lora_euclidean,raw,MCI_to_AD,2.0,contrastive_hybrid_basic_finetune,65,14.0,0.6862745098039216,0.5295734265734265,0.8248601837584889,-0.069258902054698,0.1912
budget20_eff128,lora_euclidean,raw,MCI_to_AD,2.0,contrastive_hybrid_basic_probe,65,14.0,0.726890756302521,0.5855499999999999,0.852,-0.0277277447297686,0.556
budget20_eff128,lora_euclidean,raw,MCI_to_AD,2.0,contrastive_hybrid_basic_s,65,14.0,0.726890756302521,0.583990909090909,0.854344304388422,-0.0278002936831713,0.5576
budget20_eff128,lora_euclidean,raw,MCI_to_AD,2.0,contrastive_rank_kendall_basic_finetune,65,14.0,0.6862745098039216,0.5330188679245282,0.8232323232323232,-0.0686494306624165,0.1296
budget20_eff128,lora_euclidean,raw,MCI_to_AD,2.0,contrastive_rank_kendall_basic_probe,65,14.0,0.7324929971988795,0.5833227040816326,0.8590700863678805,-0.0227124495237666,0.5752
budget20_eff128,lora_euclidean,raw,MCI_to_AD,2.0,contrastive_rank_kendall_basic_s,65,14.0,0.7170868347338936,0.5660282065942444,0.8487007568985041,-0.0382339296275782,0.4108
budget20_eff128,lora_euclidean,raw,MCI_to_AD,2.0,contrastive_regress_d_finetune,65,14.0,0.6722689075630253,0.5293188045420189,0.8066045831354431,-0.0831875689585103,0.0568
budget20_eff128,lora_euclidean,raw,MCI_to_AD,2.0,contrastive_regress_d_probe,65,14.0,0.7198879551820729,0.5628832547169811,0.8558706632653061,-0.0353381088781878,0.344
budget20_eff128,lora_euclidean,raw,MCI_to_AD,2.0,contrastive_regress_d_s,65,14.0,0.7128851540616247,0.5650878139717426,0.8417508417508417,-0.0424248159781592,0.3464
budget20_eff128,lora_euclidean,raw,MCI_to_AD,2.0,direct_logistic,65,14.0,0.6652661064425771,0.5168010954381753,0.8091715976331361,-0.0903172658306382,0.1608
budget20_eff128,lora_euclidean,raw,MCI_to_AD,2.0,ridge_dhat_all,65,14.0,0.7549019607843137,0.6036342119419043,0.8838464431549538,,
budget20_eff128,lora_euclidean,raw,MCI_to_AD,2.0,ridge_dhat_finetune,65,14.0,0.7549019607843137,0.6036342119419043,0.8838464431549538,0.0,2.0
budget20_eff128,lora_hybrid_basic,raw,MCI_to_AD,2.0,contrastive_euclidean_finetune,65,14.0,0.658263305322129,0.5159982843137255,0.7908805031446541,-0.1219529446894336,0.0272
budget20_eff128,lora_hybrid_basic,raw,MCI_to_AD,2.0,contrastive_euclidean_probe,65,14.0,0.742296918767507,0.6013252525252525,0.8644235942964754,-0.0383928374656027,0.3844
budget20_eff128,lora_hybrid_basic,raw,MCI_to_AD,2.0,contrastive_euclidean_s,65,14.0,0.2549019607843137,0.1346613445378151,0.3946561569016881,-0.5232848142252086,0.0004
budget20_eff128,lora_hybrid_basic,raw,MCI_to_AD,2.0,contrastive_hybrid_basic_finetune,65,14.0,0.707282913165266,0.5710741978609626,0.8316526110158186,-0.0728994775372984,0.1148
budget20_eff128,lora_hybrid_basic,raw,MCI_to_AD,2.0,contrastive_hybrid_basic_probe,65,14.0,0.742296918767507,0.6043718434343435,0.8605348699763592,-0.0383239973754046,0.3256
budget20_eff128,lora_hybrid_basic,raw,MCI_to_AD,2.0,contrastive_hybrid_basic_s,65,14.0,0.7240896358543417,0.5858585858585859,0.8431387051862165,-0.0563051063734408,0.1328
budget20_eff128,lora_hybrid_basic,raw,MCI_to_AD,2.0,contrastive_rank_kendall_basic_finetune,65,14.0,0.6876750700280112,0.5454545454545454,0.8144674099485419,-0.0923762903491953,0.0764
budget20_eff128,lora_hybrid_basic,raw,MCI_to_AD,2.0,contrastive_rank_kendall_basic_probe,65,14.0,0.6554621848739496,0.5238051948051948,0.776755765199161,-0.125357326040052,0.0056
budget20_eff128,lora_hybrid_basic,raw,MCI_to_AD,2.0,contrastive_rank_kendall_basic_s,65,14.0,0.7184873949579832,0.5815602836879433,0.8406989918608951,-0.0624110489267224,0.216
budget20_eff128,lora_hybrid_basic,raw,MCI_to_AD,2.0,contrastive_regress_d_finetune,65,14.0,0.6974789915966386,0.5573967086834735,0.8223055340557276,-0.0827625936518979,0.0744
budget20_eff128,lora_hybrid_basic,raw,MCI_to_AD,2.0,contrastive_regress_d_probe,65,14.0,0.7156862745098039,0.5786117277099518,0.834563200280112,-0.064909280857868,0.1012
budget20_eff128,lora_hybrid_basic,raw,MCI_to_AD,2.0,contrastive_regress_d_s,65,14.0,0.726890756302521,0.5892138844061922,0.8468047825190683,-0.0537627583492143,0.208
budget20_eff128,lora_hybrid_basic,raw,MCI_to_AD,2.0,direct_logistic,65,14.0,0.6750700280112045,0.5280053688141924,0.8086899659863943,-0.1054195311401503,0.0716
budget20_eff128,lora_hybrid_basic,raw,MCI_to_AD,2.0,ridge_dhat_all,65,14.0,0.7801120448179272,0.6515101674641148,0.8860406662665063,,
budget20_eff128,lora_hybrid_basic,raw,MCI_to_AD,2.0,ridge_dhat_finetune,65,14.0,0.7801120448179272,0.6515101674641148,0.8860406662665063,0.0,2.0
budget20_eff128,lora_regress_d,raw,MCI_to_AD,2.0,contrastive_euclidean_finetune,65,14.0,0.638655462184874,0.4795842893370365,0.7837447478991595,-0.0943155148229722,0.23
budget20_eff128,lora_regress_d,raw,MCI_to_AD,2.0,contrastive_euclidean_probe,65,14.0,0.7002801120448179,0.553921568627451,0.8254788450543167,-0.0323029042008973,0.4276
budget20_eff128,lora_regress_d,raw,MCI_to_AD,2.0,contrastive_euclidean_s,65,14.0,0.3543417366946779,0.210393323261572,0.5117854072641307,-0.3758873447798966,0.008
budget20_eff128,lora_regress_d,raw,MCI_to_AD,2.0,contrastive_hybrid_basic_finetune,65,14.0,0.6694677871148459,0.5175907750302746,0.8090929263044647,-0.0633395215143595,0.4232
budget20_eff128,lora_regress_d,raw,MCI_to_AD,2.0,contrastive_hybrid_basic_probe,65,14.0,0.7142857142857143,0.5714285714285715,0.8386733893557422,-0.0183961358127917,0.6136
budget20_eff128,lora_regress_d,raw,MCI_to_AD,2.0,contrastive_hybrid_basic_s,65,14.0,0.7072829131652661,0.5673383838383838,0.8317610062893082,-0.0253427781197521,0.4624
budget20_eff128,lora_regress_d,raw,MCI_to_AD,2.0,contrastive_rank_kendall_basic_finetune,65,14.0,0.7044817927170868,0.5628930817610063,0.8299718886983037,-0.028525799788267,0.658
budget20_eff128,lora_regress_d,raw,MCI_to_AD,2.0,contrastive_rank_kendall_basic_probe,65,14.0,0.6820728291316527,0.5314331046312178,0.8224897435897435,-0.0511967186441498,0.3924
budget20_eff128,lora_regress_d,raw,MCI_to_AD,2.0,contrastive_rank_kendall_basic_s,65,14.0,0.7366946778711485,0.6060606060606061,0.8495821308321305,0.004310743408796,0.9456
budget20_eff128,lora_regress_d,raw,MCI_to_AD,2.0,contrastive_regress_d_finetune,65,14.0,0.6554621848739496,0.5117845117845118,0.7908179309459633,-0.0762375434073053,0.3084
budget20_eff128,lora_regress_d,raw,MCI_to_AD,2.0,contrastive_regress_d_probe,65,14.0,0.680672268907563,0.5255088126159555,0.8195384615384614,-0.0523338288774425,0.2056
budget20_eff128,lora_regress_d,raw,MCI_to_AD,2.0,contrastive_regress_d_s,65,14.0,0.7170868347338936,0.5723045822102426,0.8463395856662933,-0.0152752679919318,0.5352
budget20_eff128,lora_regress_d,raw,MCI_to_AD,2.0,direct_logistic,65,14.0,0.6862745098039216,0.5172833756143967,0.8352457473263903,-0.0463256137313741,0.5228
budget20_eff128,lora_regress_d,raw,MCI_to_AD,2.0,ridge_dhat_all,65,14.0,0.7324929971988795,0.5870084718670077,0.856369986631016,,
budget20_eff128,lora_regress_d,raw,MCI_to_AD,2.0,ridge_dhat_finetune,65,14.0,0.7324929971988795,0.5870084718670077,0.856369986631016,0.0,2.0
old_full_20eff128_reference,full_euclidean,raw,MCI_to_AD,2.0,contrastive_euclidean_finetune,65,14.0,0.696078431372549,0.5330115780445969,0.8417522684471836,-0.0603506748888031,0.2424
old_full_20eff128_reference,full_euclidean,raw,MCI_to_AD,2.0,contrastive_euclidean_probe,65,14.0,0.726890756302521,0.5890909090909091,0.8492095238095237,-0.0290372488548402,0.4104
old_full_20eff128_reference,full_euclidean,raw,MCI_to_AD,2.0,contrastive_euclidean_s,65,14.0,0.3515406162464985,0.2044805853375833,0.5067407265936678,-0.4037865579700868,0.0008
old_full_20eff128_reference,full_euclidean,raw,MCI_to_AD,2.0,contrastive_hybrid_basic_finetune,65,14.0,0.6890756302521008,0.5434173669467787,0.8207636268343814,-0.0675004605749818,0.1992
old_full_20eff128_reference,full_euclidean,raw,MCI_to_AD,2.0,contrastive_hybrid_basic_probe,65,14.0,0.7324929971988796,0.5864779874213837,0.8553921568627451,-0.0237143992418644,0.5592
old_full_20eff128_reference,full_euclidean,raw,MCI_to_AD,2.0,contrastive_hybrid_basic_s,65,14.0,0.738095238095238,0.5927459073251943,0.8654568372803667,-0.0180256430932158,0.6476
old_full_20eff128_reference,full_euclidean,raw,MCI_to_AD,2.0,contrastive_rank_kendall_basic_finetune,65,14.0,0.6736694677871149,0.5117768887858174,0.8191860234659901,-0.0825271812551003,0.094
old_full_20eff128_reference,full_euclidean,raw,MCI_to_AD,2.0,contrastive_rank_kendall_basic_probe,65,14.0,0.7240896358543417,0.5798142489318959,0.8517190904139432,-0.0324683449916782,0.424
old_full_20eff128_reference,full_euclidean,raw,MCI_to_AD,2.0,contrastive_rank_kendall_basic_s,65,14.0,0.6988795518207284,0.550502928444105,0.8282865418894831,-0.0580171640704078,0.2772
old_full_20eff128_reference,full_euclidean,raw,MCI_to_AD,2.0,contrastive_regress_d_finetune,65,14.0,0.6750700280112045,0.5191271499734647,0.8165467787114843,-0.0813134259929111,0.0576
old_full_20eff128_reference,full_euclidean,raw,MCI_to_AD,2.0,contrastive_regress_d_probe,65,14.0,0.711484593837535,0.5618133435192258,0.8426666666666667,-0.0449844226487934,0.1736
old_full_20eff128_reference,full_euclidean,raw,MCI_to_AD,2.0,contrastive_regress_d_s,65,14.0,0.7058823529411764,0.5606497668997669,0.8316498316498316,-0.0506715903002022,0.2476
old_full_20eff128_reference,full_euclidean,raw,MCI_to_AD,2.0,direct_logistic,65,14.0,0.665266106442577,0.5177410256410256,0.808108077819616,-0.0917767500439833,0.1544
old_full_20eff128_reference,full_euclidean,raw,MCI_to_AD,2.0,ridge_dhat_all,65,14.0,0.7563025210084033,0.6064130915524104,0.8853380471380471,,
old_full_20eff128_reference,full_euclidean,raw,MCI_to_AD,2.0,ridge_dhat_finetune,65,14.0,0.7563025210084033,0.6064130915524104,0.8853380471380471,0.0,2.0
old_full_20eff128_reference,full_hybrid_basic,raw,MCI_to_AD,2.0,contrastive_euclidean_finetune,65,14.0,0.6750700280112045,0.5066594387755101,0.827232161431246,-0.0817103815682122,0.3
old_full_20eff128_reference,full_hybrid_basic,raw,MCI_to_AD,2.0,contrastive_euclidean_probe,65,14.0,0.6988795518207283,0.5495946223316912,0.8266730769230768,-0.0576192175211195,0.1392
old_full_20eff128_reference,full_hybrid_basic,raw,MCI_to_AD,2.0,contrastive_euclidean_s,65,14.0,0.3235294117647058,0.1932773109243697,0.4739952718676122,-0.4306089668100422,0.004
old_full_20eff128_reference,full_hybrid_basic,raw,MCI_to_AD,2.0,contrastive_hybrid_basic_finetune,65,14.0,0.680672268907563,0.5236679396253865,0.8210848039215685,-0.0763067467544373,0.282
old_full_20eff128_reference,full_hybrid_basic,raw,MCI_to_AD,2.0,contrastive_hybrid_basic_probe,65,14.0,0.7843137254901961,0.6453,0.8993149403451205,0.0282303978472794,0.4844
old_full_20eff128_reference,full_hybrid_basic,raw,MCI_to_AD,2.0,contrastive_hybrid_basic_s,65,14.0,0.7815126050420169,0.640646790631146,0.8979591836734694,0.0253565296339256,0.5548
old_full_20eff128_reference,full_hybrid_basic,raw,MCI_to_AD,2.0,contrastive_rank_kendall_basic_finetune,65,14.0,0.7142857142857143,0.56546458122256,0.8443396226415094,-0.0419805176676204,0.5188
old_full_20eff128_reference,full_hybrid_basic,raw,MCI_to_AD,2.0,contrastive_rank_kendall_basic_probe,65,14.0,0.7492997198879552,0.6026780377741917,0.878152024446142,-0.0074561787342867,0.8964
old_full_20eff128_reference,full_hybrid_basic,raw,MCI_to_AD,2.0,contrastive_rank_kendall_basic_s,65,14.0,0.7366946778711485,0.5786117277099518,0.8713192307692306,-0.0193414309132649,0.764
old_full_20eff128_reference,full_hybrid_basic,raw,MCI_to_AD,2.0,contrastive_regress_d_finetune,65,14.0,0.7058823529411765,0.5473322973322973,0.8406968954248365,-0.0509907981420087,0.4576
old_full_20eff128_reference,full_hybrid_basic,raw,MCI_to_AD,2.0,contrastive_regress_d_probe,65,14.0,0.7647058823529411,0.6094641025641026,0.8959999999999999,0.0081409166210356,0.8968
old_full_20eff128_reference,full_hybrid_basic,raw,MCI_to_AD,2.0,contrastive_regress_d_s,65,14.0,0.7731092436974789,0.6367846313053523,0.8837535014005602,0.0171453925363563,0.6336
old_full_20eff128_reference,full_hybrid_basic,raw,MCI_to_AD,2.0,direct_logistic,65,14.0,0.6666666666666667,0.5154051691598625,0.8109374557903968,-0.0900177188269198,0.1968
old_full_20eff128_reference,full_hybrid_basic,raw,MCI_to_AD,2.0,ridge_dhat_all,65,14.0,0.7563025210084033,0.6246480915598562,0.8688729575163398,,
old_full_20eff128_reference,full_hybrid_basic,raw,MCI_to_AD,2.0,ridge_dhat_finetune,65,14.0,0.7563025210084033,0.6246480915598562,0.8688729575163398,0.0,2.0
old_full_20eff128_reference,full_regress_d,raw,MCI_to_AD,2.0,contrastive_euclidean_finetune,65,14.0,0.5910364145658263,0.425922035480859,0.7464985994397759,-0.1058990727630364,0.1524
old_full_20eff128_reference,full_regress_d,raw,MCI_to_AD,2.0,contrastive_euclidean_probe,65,14.0,0.6918767507002801,0.5168343094813682,0.8451232323232322,-0.0052287053157517,0.9104
old_full_20eff128_reference,full_regress_d,raw,MCI_to_AD,2.0,contrastive_euclidean_s,65,14.0,0.5504201680672268,0.3568952391562686,0.736371705217859,-0.1456328737284946,0.0912
old_full_20eff128_reference,full_regress_d,raw,MCI_to_AD,2.0,contrastive_hybrid_basic_finetune,65,14.0,0.5560224089635855,0.3826386214863304,0.7232729987719103,-0.1408817959011358,0.0824
old_full_20eff128_reference,full_regress_d,raw,MCI_to_AD,2.0,contrastive_hybrid_basic_probe,65,14.0,0.6932773109243698,0.5217904787520172,0.8431122448979592,-0.0034511779460899,0.9436
old_full_20eff128_reference,full_regress_d,raw,MCI_to_AD,2.0,contrastive_hybrid_basic_s,65,14.0,0.6498599439775911,0.4709010695187166,0.8137267406962784,-0.0466136603322943,0.4732
old_full_20eff128_reference,full_regress_d,raw,MCI_to_AD,2.0,contrastive_rank_kendall_basic_finetune,65,14.0,0.3795518207282913,0.2056665950282971,0.5660377358490566,-0.3165793094229455,0.002
old_full_20eff128_reference,full_regress_d,raw,MCI_to_AD,2.0,contrastive_rank_kendall_basic_probe,65,14.0,0.6414565826330533,0.4362188775510203,0.8214285714285714,-0.0557836670507761,0.4376
old_full_20eff128_reference,full_regress_d,raw,MCI_to_AD,2.0,contrastive_rank_kendall_basic_s,65,14.0,0.7408963585434174,0.5959057325760492,0.8653346153846153,0.0440319823251318,0.2224
old_full_20eff128_reference,full_regress_d,raw,MCI_to_AD,2.0,contrastive_regress_d_finetune,65,14.0,0.4523809523809523,0.2744035752259436,0.6358543417366946,-0.2444237357886473,0.0036
old_full_20eff128_reference,full_regress_d,raw,MCI_to_AD,2.0,contrastive_regress_d_probe,65,14.0,0.6484593837535014,0.4494949494949494,0.8221338063527297,-0.0486939413359521,0.4468
old_full_20eff128_reference,full_regress_d,raw,MCI_to_AD,2.0,contrastive_regress_d_s,65,14.0,0.726890756302521,0.5680364054184809,0.8639069570135746,0.0299502717939328,0.4412
old_full_20eff128_reference,full_regress_d,raw,MCI_to_AD,2.0,direct_logistic,65,14.0,0.669467787114846,0.5266032728881026,0.8030346369877263,-0.0281748738905965,0.6908
old_full_20eff128_reference,full_regress_d,raw,MCI_to_AD,2.0,ridge_dhat_all,65,14.0,0.6974789915966386,0.5548469387755102,0.821007730015083,,
old_full_20eff128_reference,full_regress_d,raw,MCI_to_AD,2.0,ridge_dhat_finetune,65,14.0,0.6974789915966386,0.5548469387755102,0.821007730015083,0.0,2.0
budget20_eff128,direct_full_downstream,raw,MCI_to_AD,3.0,direct_full_downstream,51,19.0,0.7055921052631579,0.5505050505050505,0.8419397283531408,,
budget20_eff128,direct_lora_downstream,raw,MCI_to_AD,3.0,direct_lora_downstream,51,19.0,0.6858552631578947,0.528949078949079,0.8240176676570456,,
budget20_eff128,frozen_feature,raw,MCI_to_AD,3.0,contrastive_euclidean_finetune,51,19.0,0.7171052631578947,0.5579063262040236,0.8502050844704352,-0.100432749152456,0.1384
budget20_eff128,frozen_feature,raw,MCI_to_AD,3.0,contrastive_euclidean_probe,51,19.0,0.6973684210526316,0.5329148449100809,0.8338516978587773,-0.1198305911762844,0.0668
budget20_eff128,frozen_feature,raw,MCI_to_AD,3.0,contrastive_euclidean_s,51,19.0,0.3947368421052631,0.2392835097001764,0.5586435372619584,-0.4195714926824896,0.0
budget20_eff128,frozen_feature,raw,MCI_to_AD,3.0,contrastive_hybrid_basic_finetune,51,19.0,0.6776315789473684,0.518092105263158,0.8157894736842105,-0.1395451836057684,0.05
budget20_eff128,frozen_feature,raw,MCI_to_AD,3.0,contrastive_hybrid_basic_probe,51,19.0,0.6480263157894737,0.4839271313364054,0.7946435568741603,-0.1699337468938832,0.0132
budget20_eff128,frozen_feature,raw,MCI_to_AD,3.0,contrastive_hybrid_basic_s,51,19.0,0.6151315789473684,0.4451612903225806,0.7744216230629273,-0.2015593201379966,0.0108
budget20_eff128,frozen_feature,raw,MCI_to_AD,3.0,contrastive_rank_kendall_basic_finetune,51,19.0,0.7450657894736843,0.5999844720496894,0.8709714986976558,-0.0713691664304759,0.184
budget20_eff128,frozen_feature,raw,MCI_to_AD,3.0,contrastive_rank_kendall_basic_probe,51,19.0,0.7549342105263157,0.6126340155945419,0.8789045422090404,-0.0617902057643952,0.2448
budget20_eff128,frozen_feature,raw,MCI_to_AD,3.0,contrastive_rank_kendall_basic_s,51,19.0,0.7664473684210527,0.6169032258064516,0.8888888888888888,-0.0505189825174055,0.302
budget20_eff128,frozen_feature,raw,MCI_to_AD,3.0,contrastive_regress_d_finetune,51,19.0,0.7516447368421052,0.6064418377321603,0.8737060154378493,-0.0652893431958957,0.2152
budget20_eff128,frozen_feature,raw,MCI_to_AD,3.0,contrastive_regress_d_probe,51,19.0,0.7730263157894737,0.6350895409314621,0.8910109823980742,-0.0433631340834966,0.3924
budget20_eff128,frozen_feature,raw,MCI_to_AD,3.0,contrastive_regress_d_s,51,19.0,0.6644736842105263,0.4922317115251898,0.8182133838383834,-0.1514891035918792,0.004
budget20_eff128,frozen_feature,raw,MCI_to_AD,3.0,direct_logistic,51,19.0,0.7648026315789473,0.6249894781144781,0.8824519137737528,-0.0512272474870746,0.3752
budget20_eff128,frozen_feature,raw,MCI_to_AD,3.0,ridge_dhat_all,51,19.0,0.8157894736842105,0.6836384680134681,0.9274205993628036,,
budget20_eff128,frozen_feature,raw,MCI_to_AD,3.0,ridge_dhat_finetune,51,19.0,0.8157894736842105,0.6836384680134681,0.9274205993628036,0.0,2.0
budget20_eff128,lora_euclidean,raw,MCI_to_AD,3.0,contrastive_euclidean_finetune,51,19.0,0.7713815789473684,0.6353783783783784,0.8910246119469359,-0.0448642552892593,0.3652
budget20_eff128,lora_euclidean,raw,MCI_to_AD,3.0,contrastive_euclidean_probe,51,19.0,0.7828947368421052,0.636675879821082,0.9006874298540962,-0.0335373470387408,0.3904
budget20_eff128,lora_euclidean,raw,MCI_to_AD,3.0,contrastive_euclidean_s,51,19.0,0.5032894736842104,0.3240525793650793,0.6801244850157893,-0.3127453656912314,0.0036
budget20_eff128,lora_euclidean,raw,MCI_to_AD,3.0,contrastive_hybrid_basic_finetune,51,19.0,0.7516447368421053,0.6081494111666526,0.880357142857143,-0.0646432486588066,0.2556
budget20_eff128,lora_euclidean,raw,MCI_to_AD,3.0,contrastive_hybrid_basic_probe,51,19.0,0.8009868421052632,0.6722182860998651,0.9125049603174602,-0.0154838880807359,0.7324
budget20_eff128,lora_euclidean,raw,MCI_to_AD,3.0,contrastive_hybrid_basic_s,51,19.0,0.7960526315789473,0.664983164983165,0.908124279123414,-0.0204786788851179,0.6408
budget20_eff128,lora_euclidean,raw,MCI_to_AD,3.0,contrastive_rank_kendall_basic_finetune,51,19.0,0.7351973684210527,0.595959595959596,0.8587433862433861,-0.0809914316640803,0.1532
budget20_eff128,lora_euclidean,raw,MCI_to_AD,3.0,contrastive_rank_kendall_basic_probe,51,19.0,0.8125,0.6846052631578946,0.9178722527472526,-0.0042683948753961,0.946
budget20_eff128,lora_euclidean,raw,MCI_to_AD,3.0,contrastive_rank_kendall_basic_s,51,19.0,0.7976973684210527,0.667701624462494,0.9114906832298136,-0.0193025373289025,0.696
budget20_eff128,lora_euclidean,raw,MCI_to_AD,3.0,contrastive_regress_d_finetune,51,19.0,0.756578947368421,0.6200532751716247,0.8785768398268398,-0.0596773370955089,0.252
budget20_eff128,lora_euclidean,raw,MCI_to_AD,3.0,contrastive_regress_d_probe,51,19.0,0.7976973684210525,0.6618944099378882,0.91204594017094,-0.018927351446168,0.6688
budget20_eff128,lora_euclidean,raw,MCI_to_AD,3.0,contrastive_regress_d_s,51,19.0,0.787828947368421,0.6563581510949932,0.9053583494208494,-0.0289945846485106,0.548
budget20_eff128,lora_euclidean,raw,MCI_to_AD,3.0,direct_logistic,51,19.0,0.7648026315789473,0.6249894781144781,0.8824519137737528,-0.0512272474870746,0.3752
budget20_eff128,lora_euclidean,raw,MCI_to_AD,3.0,ridge_dhat_all,51,19.0,0.8157894736842105,0.6836384680134681,0.9274205993628036,,
budget20_eff128,lora_euclidean,raw,MCI_to_AD,3.0,ridge_dhat_finetune,51,19.0,0.8157894736842105,0.6836384680134681,0.9274205993628036,0.0,2.0
budget20_eff128,lora_hybrid_basic,raw,MCI_to_AD,3.0,contrastive_euclidean_finetune,51,19.0,0.6990131578947368,0.5465530380004064,0.8369565217391304,-0.1476211331208942,0.0044
budget20_eff128,lora_hybrid_basic,raw,MCI_to_AD,3.0,contrastive_euclidean_probe,51,19.0,0.8223684210526316,0.6949672887172886,0.9309778822709858,-0.0240696483834858,0.5964
budget20_eff128,lora_hybrid_basic,raw,MCI_to_AD,3.0,contrastive_euclidean_s,51,19.0,0.1759868421052631,0.0698757763975155,0.3010431666272647,-0.668396129956653,0.0
budget20_eff128,lora_hybrid_basic,raw,MCI_to_AD,3.0,contrastive_hybrid_basic_finetune,51,19.0,0.7236842105263157,0.5740440845704003,0.8573667711598746,-0.1226970231115496,0.014
budget20_eff128,lora_hybrid_basic,raw,MCI_to_AD,3.0,contrastive_hybrid_basic_probe,51,19.0,0.8240131578947368,0.7,0.9285829493087556,-0.0227611012941996,0.5836
budget20_eff128,lora_hybrid_basic,raw,MCI_to_AD,3.0,contrastive_hybrid_basic_s,51,19.0,0.8042763157894737,0.6743383913412564,0.9129047192353644,-0.0427339823743006,0.3068
budget20_eff128,lora_hybrid_basic,raw,MCI_to_AD,3.0,contrastive_rank_kendall_basic_finetune,51,19.0,0.7483552631578947,0.6094168326867289,0.8745196439161956,-0.0975931911259236,0.0204
budget20_eff128,lora_hybrid_basic,raw,MCI_to_AD,3.0,contrastive_rank_kendall_basic_probe,51,19.0,0.731907894736842,0.5887888939359527,0.8620797413793101,-0.1141474856842546,0.0232
budget20_eff128,lora_hybrid_basic,raw,MCI_to_AD,3.0,contrastive_rank_kendall_basic_s,51,19.0,0.794407894736842,0.6599377574921054,0.9106583072100312,-0.0521771936453146,0.3224
budget20_eff128,lora_hybrid_basic,raw,MCI_to_AD,3.0,contrastive_regress_d_finetune,51,19.0,0.738486842105263,0.5967679661228048,0.8642878831694621,-0.1078786525673802,0.0028
budget20_eff128,lora_hybrid_basic,raw,MCI_to_AD,3.0,contrastive_regress_d_probe,51,19.0,0.7828947368421052,0.6466005291005292,0.902367424242424,-0.0638194586183698,0.1072
budget20_eff128,lora_hybrid_basic,raw,MCI_to_AD,3.0,contrastive_regress_d_s,51,19.0,0.8042763157894737,0.6749768518518517,0.914820892320892,-0.0422016744741257,0.338
budget20_eff128,lora_hybrid_basic,raw,MCI_to_AD,3.0,direct_logistic,51,19.0,0.725328947368421,0.5752292319749216,0.8517873677248676,-0.1207261482772726,0.0176
budget20_eff128,lora_hybrid_basic,raw,MCI_to_AD,3.0,ridge_dhat_all,51,19.0,0.8453947368421053,0.7246048387096775,0.9446368326742464,,
budget20_eff128,lora_hybrid_basic,raw,MCI_to_AD,3.0,ridge_dhat_finetune,51,19.0,0.8453947368421053,0.7246048387096775,0.9446368326742464,0.0,2.0
budget20_eff128,lora_regress_d,raw,MCI_to_AD,3.0,contrastive_euclidean_finetune,51,19.0,0.787828947368421,0.6398013546093494,0.9074074074074074,-0.0386734522692732,0.5304
budget20_eff128,lora_regress_d,raw,MCI_to_AD,3.0,contrastive_euclidean_probe,51,19.0,0.78125,0.6459331932158019,0.8967747651958176,-0.0448041711965736,0.2336
budget20_eff128,lora_regress_d,raw,MCI_to_AD,3.0,contrastive_euclidean_s,51,19.0,0.2763157894736842,0.144611111111111,0.4314850427350427,-0.5480021482606311,0.0
budget20_eff128,lora_regress_d,raw,MCI_to_AD,3.0,contrastive_hybrid_basic_finetune,51,19.0,0.7976973684210525,0.6531749152423894,0.9129837164750956,-0.0289932659393086,0.6348
budget20_eff128,lora_regress_d,raw,MCI_to_AD,3.0,contrastive_hybrid_basic_probe,51,19.0,0.7976973684210527,0.662828947368421,0.9078947368421052,-0.0284889500450693,0.3708
budget20_eff128,lora_regress_d,raw,MCI_to_AD,3.0,contrastive_hybrid_basic_s,51,19.0,0.7911184210526315,0.6558469029374202,0.90282131661442,-0.0351621447904808,0.3156
budget20_eff128,lora_regress_d,raw,MCI_to_AD,3.0,contrastive_rank_kendall_basic_finetune,51,19.0,0.7845394736842104,0.643598615916955,0.9012539184952978,-0.0420786857647871,0.3848
budget20_eff128,lora_regress_d,raw,MCI_to_AD,3.0,contrastive_rank_kendall_basic_probe,51,19.0,0.805921052631579,0.669407894736842,0.916955017301038,-0.021026624912572,0.6864
budget20_eff128,lora_regress_d,raw,MCI_to_AD,3.0,contrastive_rank_kendall_basic_s,51,19.0,0.8207236842105263,0.6946287593984962,0.9247648902821316,-0.0055470912841251,0.92
budget20_eff128,lora_regress_d,raw,MCI_to_AD,3.0,contrastive_regress_d_finetune,51,19.0,0.7697368421052632,0.6280849513007818,0.8871487867177523,-0.0562042220844971,0.2624
budget20_eff128,lora_regress_d,raw,MCI_to_AD,3.0,contrastive_regress_d_probe,51,19.0,0.787828947368421,0.6490469720496894,0.90741452991453,-0.0382046285345192,0.1952
budget20_eff128,lora_regress_d,raw,MCI_to_AD,3.0,contrastive_regress_d_s,51,19.0,0.8075657894736842,0.6745929339477728,0.9188063063063064,-0.0181740715425161,0.4192
budget20_eff128,lora_regress_d,raw,MCI_to_AD,3.0,direct_logistic,51,19.0,0.7796052631578947,0.629929799899836,0.9037042788129744,-0.04630873083096,0.3692
budget20_eff128,lora_regress_d,raw,MCI_to_AD,3.0,ridge_dhat_all,51,19.0,0.8256578947368421,0.6962885802469135,0.9332324016563148,,
budget20_eff128,lora_regress_d,raw,MCI_to_AD,3.0,ridge_dhat_finetune,51,19.0,0.8256578947368421,0.6962885802469135,0.9332324016563148,0.0,2.0
old_full_20eff128_reference,full_euclidean,raw,MCI_to_AD,3.0,contrastive_euclidean_finetune,51,19.0,0.774671052631579,0.6428218984962406,0.8887098038224289,-0.0431805259620954,0.3484
old_full_20eff128_reference,full_euclidean,raw,MCI_to_AD,3.0,contrastive_euclidean_probe,51,19.0,0.7911184210526315,0.6584562289562289,0.9046115890688258,-0.02726885240551,0.4976
old_full_20eff128_reference,full_euclidean,raw,MCI_to_AD,3.0,contrastive_euclidean_s,51,19.0,0.3717105263157895,0.2186234817813765,0.5365226574500765,-0.4463524666223415,0.0004
old_full_20eff128_reference,full_euclidean,raw,MCI_to_AD,3.0,contrastive_hybrid_basic_finetune,51,19.0,0.7697368421052632,0.6346801346801346,0.8892318339100346,-0.0480265732825041,0.3728
old_full_20eff128_reference,full_euclidean,raw,MCI_to_AD,3.0,contrastive_hybrid_basic_probe,51,19.0,0.7911184210526316,0.6611058246828143,0.9071494708994708,-0.0275062322253767,0.5316
old_full_20eff128_reference,full_euclidean,raw,MCI_to_AD,3.0,contrastive_hybrid_basic_s,51,19.0,0.7927631578947368,0.659257016532103,0.9095394736842104,-0.0260338054933354,0.5596
old_full_20eff128_reference,full_euclidean,raw,MCI_to_AD,3.0,contrastive_rank_kendall_basic_finetune,51,19.0,0.7582236842105263,0.6203627558479533,0.8815933457380823,-0.0600983531022518,0.3088
old_full_20eff128_reference,full_euclidean,raw,MCI_to_AD,3.0,contrastive_rank_kendall_basic_probe,51,19.0,0.8141447368421052,0.6872964669738864,0.9225806451612903,-0.0041254666071522,0.9324
old_full_20eff128_reference,full_euclidean,raw,MCI_to_AD,3.0,contrastive_rank_kendall_basic_s,51,19.0,0.7779605263157895,0.6430769230769231,0.8990054990054988,-0.0405076145363101,0.452
old_full_20eff128_reference,full_euclidean,raw,MCI_to_AD,3.0,contrastive_regress_d_finetune,51,19.0,0.7516447368421053,0.6133513829166003,0.8774274446354534,-0.0662185656935412,0.218
old_full_20eff128_reference,full_euclidean,raw,MCI_to_AD,3.0,contrastive_regress_d_probe,51,19.0,0.7894736842105263,0.6517789502164503,0.9111111111111112,-0.0290367269684669,0.5108
old_full_20eff128_reference,full_euclidean,raw,MCI_to_AD,3.0,contrastive_regress_d_s,51,19.0,0.7796052631578947,0.6447727272727272,0.898219246031746,-0.0386049494178222,0.3924
old_full_20eff128_reference,full_euclidean,raw,MCI_to_AD,3.0,direct_logistic,51,19.0,0.7648026315789473,0.6249894781144781,0.8824519137737528,-0.0528743281969491,0.3588
old_full_20eff128_reference,full_euclidean,raw,MCI_to_AD,3.0,ridge_dhat_all,51,19.0,0.8174342105263157,0.685483870967742,0.9276550751879696,,
old_full_20eff128_reference,full_euclidean,raw,MCI_to_AD,3.0,ridge_dhat_finetune,51,19.0,0.8174342105263157,0.685483870967742,0.9276550751879696,0.0,2.0
old_full_20eff128_reference,full_hybrid_basic,raw,MCI_to_AD,3.0,contrastive_euclidean_finetune,51,19.0,0.6726973684210527,0.5138876874279122,0.8131570597997635,-0.1066245666541868,0.1432
old_full_20eff128_reference,full_hybrid_basic,raw,MCI_to_AD,3.0,contrastive_euclidean_probe,51,19.0,0.7467105263157894,0.603701571637427,0.8737373737373737,-0.0316394006994249,0.4392
old_full_20eff128_reference,full_hybrid_basic,raw,MCI_to_AD,3.0,contrastive_euclidean_s,51,19.0,0.2763157894736842,0.1444383490073145,0.42388338542248,-0.5005483280796191,0.0004
old_full_20eff128_reference,full_hybrid_basic,raw,MCI_to_AD,3.0,contrastive_hybrid_basic_finetune,51,19.0,0.6907894736842105,0.531736080011942,0.8306451612903226,-0.088483001452225,0.162
old_full_20eff128_reference,full_hybrid_basic,raw,MCI_to_AD,3.0,contrastive_hybrid_basic_probe,51,19.0,0.8009868421052632,0.666044221981722,0.9153611044128286,0.0224452341185151,0.5536
old_full_20eff128_reference,full_hybrid_basic,raw,MCI_to_AD,3.0,contrastive_hybrid_basic_s,51,19.0,0.78125,0.6374961419753086,0.9016172235023042,0.0027911956036941,0.948
old_full_20eff128_reference,full_hybrid_basic,raw,MCI_to_AD,3.0,contrastive_rank_kendall_basic_finetune,51,19.0,0.7055921052631579,0.5467561544991512,0.8416927899686519,-0.0735637177222703,0.2252
old_full_20eff128_reference,full_hybrid_basic,raw,MCI_to_AD,3.0,contrastive_rank_kendall_basic_probe,51,19.0,0.7236842105263157,0.5732093253968253,0.8556116008815865,-0.0555765691482058,0.3632
old_full_20eff128_reference,full_hybrid_basic,raw,MCI_to_AD,3.0,contrastive_rank_kendall_basic_s,51,19.0,0.7236842105263158,0.5714285714285714,0.8573667711598747,-0.0553820234675913,0.346
old_full_20eff128_reference,full_hybrid_basic,raw,MCI_to_AD,3.0,contrastive_regress_d_finetune,51,19.0,0.7236842105263157,0.5678499034749035,0.859073359073359,-0.0551272983446028,0.3168
old_full_20eff128_reference,full_hybrid_basic,raw,MCI_to_AD,3.0,contrastive_regress_d_probe,51,19.0,0.7467105263157894,0.5934256055363323,0.8806233954682442,-0.0321913882220599,0.5508
old_full_20eff128_reference,full_hybrid_basic,raw,MCI_to_AD,3.0,contrastive_regress_d_s,51,19.0,0.7483552631578947,0.6068964876910017,0.8758064516129032,-0.02978642374433,0.4388
old_full_20eff128_reference,full_hybrid_basic,raw,MCI_to_AD,3.0,direct_logistic,51,19.0,0.7302631578947367,0.5725758933420224,0.8615979557457657,-0.0482123403943504,0.4572
old_full_20eff128_reference,full_hybrid_basic,raw,MCI_to_AD,3.0,ridge_dhat_all,51,19.0,0.7779605263157894,0.642632212933937,0.8947430292031017,,
old_full_20eff128_reference,full_hybrid_basic,raw,MCI_to_AD,3.0,ridge_dhat_finetune,51,19.0,0.7779605263157894,0.642632212933937,0.8947430292031017,0.0,2.0
old_full_20eff128_reference,full_regress_d,raw,MCI_to_AD,3.0,contrastive_euclidean_finetune,51,19.0,0.7006578947368421,0.551765742481203,0.8354838709677419,-0.0739926072873119,0.376
old_full_20eff128_reference,full_regress_d,raw,MCI_to_AD,3.0,contrastive_euclidean_probe,51,19.0,0.787828947368421,0.6381452429149796,0.919047619047619,0.0126866692107956,0.8028
old_full_20eff128_reference,full_regress_d,raw,MCI_to_AD,3.0,contrastive_euclidean_s,51,19.0,0.5427631578947368,0.3733467784043441,0.7099064462386258,-0.2315768018506574,0.0072
old_full_20eff128_reference,full_regress_d,raw,MCI_to_AD,3.0,contrastive_hybrid_basic_finetune,51,19.0,0.6217105263157895,0.4517410714285714,0.7806451612903226,-0.1523652025689813,0.1224
old_full_20eff128_reference,full_regress_d,raw,MCI_to_AD,3.0,contrastive_hybrid_basic_probe,51,19.0,0.800986842105263,0.6563706563706564,0.9273356401384082,0.0259971398234306,0.5676
old_full_20eff128_reference,full_regress_d,raw,MCI_to_AD,3.0,contrastive_hybrid_basic_s,51,19.0,0.75,0.5876052188552189,0.8922571872571872,-0.0252653468008378,0.6968
old_full_20eff128_reference,full_regress_d,raw,MCI_to_AD,3.0,contrastive_rank_kendall_basic_finetune,51,19.0,0.5888157894736843,0.4137856461042835,0.7582296305668015,-0.1847083508588268,0.0564
old_full_20eff128_reference,full_regress_d,raw,MCI_to_AD,3.0,contrastive_rank_kendall_basic_probe,51,19.0,0.6924342105263157,0.5250965250965252,0.8419397283531408,-0.0827324662239788,0.2696
old_full_20eff128_reference,full_regress_d,raw,MCI_to_AD,3.0,contrastive_rank_kendall_basic_s,51,19.0,0.8355263157894737,0.7064516129032259,0.9423136645962732,0.0603349957252482,0.0844
old_full_20eff128_reference,full_regress_d,raw,MCI_to_AD,3.0,contrastive_regress_d_finetune,51,19.0,0.6792763157894737,0.5206284520077623,0.8229837553750597,-0.0953394028892734,0.264
old_full_20eff128_reference,full_regress_d,raw,MCI_to_AD,3.0,contrastive_regress_d_probe,51,19.0,0.7483552631578947,0.5850182889656573,0.8873065476190475,-0.0262915407021072,0.624
old_full_20eff128_reference,full_regress_d,raw,MCI_to_AD,3.0,contrastive_regress_d_s,51,19.0,0.8174342105263158,0.6755369789852549,0.935186122357175,0.0425466757253868,0.2572
old_full_20eff128_reference,full_regress_d,raw,MCI_to_AD,3.0,direct_logistic,51,19.0,0.7023026315789473,0.5430627530364371,0.8339104980227386,-0.0733694360016791,0.4164
old_full_20eff128_reference,full_regress_d,raw,MCI_to_AD,3.0,ridge_dhat_all,51,19.0,0.774671052631579,0.6408971661054994,0.8936580086580085,,
old_full_20eff128_reference,full_regress_d,raw,MCI_to_AD,3.0,ridge_dhat_finetune,51,19.0,0.774671052631579,0.6408971661054994,0.8936580086580085,0.0,2.0
budget20_eff128,direct_full_downstream,raw,MCI_to_AD,4.0,direct_full_downstream,45,22.0,0.6205533596837945,0.4466403162055335,0.7885439382581435,,
budget20_eff128,direct_lora_downstream,raw,MCI_to_AD,4.0,direct_lora_downstream,45,22.0,0.6166007905138341,0.4419999999999999,0.7819108964036497,,
budget20_eff128,frozen_feature,raw,MCI_to_AD,4.0,contrastive_euclidean_finetune,45,22.0,0.6442687747035574,0.4719914979757085,0.8015881048775786,-0.1187217977432351,0.1128
budget20_eff128,frozen_feature,raw,MCI_to_AD,4.0,contrastive_euclidean_probe,45,22.0,0.6205533596837944,0.4485456790123457,0.781518440709617,-0.1419327859019565,0.0592
budget20_eff128,frozen_feature,raw,MCI_to_AD,4.0,contrastive_euclidean_s,45,22.0,0.4347826086956521,0.2651797867513611,0.6146358774076164,-0.3269984168855184,0.0132
budget20_eff128,frozen_feature,raw,MCI_to_AD,4.0,contrastive_hybrid_basic_finetune,45,22.0,0.6067193675889329,0.4325396825396825,0.7672064777327935,-0.1565696355393943,0.0236
budget20_eff128,frozen_feature,raw,MCI_to_AD,4.0,contrastive_hybrid_basic_probe,45,22.0,0.5434782608695652,0.37,0.7133499999999998,-0.2195226416571085,0.0028
budget20_eff128,frozen_feature,raw,MCI_to_AD,4.0,contrastive_hybrid_basic_s,45,22.0,0.5553359683794467,0.38,0.7267206477732793,-0.2061190703411141,0.0228
budget20_eff128,frozen_feature,raw,MCI_to_AD,4.0,contrastive_rank_kendall_basic_finetune,45,22.0,0.7075098814229249,0.5474115758478786,0.8539117283950618,-0.0551653668422145,0.3352
budget20_eff128,frozen_feature,raw,MCI_to_AD,4.0,contrastive_rank_kendall_basic_probe,45,22.0,0.7252964426877472,0.5599880952380953,0.871031746031746,-0.0370164234947708,0.4356
budget20_eff128,frozen_feature,raw,MCI_to_AD,4.0,contrastive_rank_kendall_basic_s,45,22.0,0.7055335968379447,0.5434715512614063,0.8509672619047618,-0.056013857908295,0.3476
budget20_eff128,frozen_feature,raw,MCI_to_AD,4.0,contrastive_regress_d_finetune,45,22.0,0.6857707509881423,0.5185019841269842,0.8415721221880641,-0.0771514938191865,0.176
budget20_eff128,frozen_feature,raw,MCI_to_AD,4.0,contrastive_regress_d_probe,45,22.0,0.7292490118577076,0.5678902116402117,0.875,-0.0332484076878048,0.51
budget20_eff128,frozen_feature,raw,MCI_to_AD,4.0,contrastive_regress_d_s,45,22.0,0.642292490118577,0.4723237154150198,0.8017310344827585,-0.1193993277653272,0.0652
budget20_eff128,frozen_feature,raw,MCI_to_AD,4.0,direct_logistic,45,22.0,0.6561264822134387,0.4881411161302466,0.8125064300411522,-0.1061426452439752,0.1496
budget20_eff128,frozen_feature,raw,MCI_to_AD,4.0,ridge_dhat_all,45,22.0,0.7628458498023716,0.6052631578947368,0.896551724137931,,
budget20_eff128,frozen_feature,raw,MCI_to_AD,4.0,ridge_dhat_finetune,45,22.0,0.7628458498023716,0.6052631578947368,0.896551724137931,0.0,2.0
budget20_eff128,lora_euclidean,raw,MCI_to_AD,4.0,contrastive_euclidean_finetune,45,22.0,0.699604743083004,0.5288065843621399,0.8478260869565217,-0.0626910567763332,0.3232
budget20_eff128,lora_euclidean,raw,MCI_to_AD,4.0,contrastive_euclidean_probe,45,22.0,0.7727272727272727,0.6190476190476191,0.9012789915966384,0.010726080712396,0.8068
budget20_eff128,lora_euclidean,raw,MCI_to_AD,4.0,contrastive_euclidean_s,45,22.0,0.4822134387351778,0.3016186299081035,0.6639684210526317,-0.2795337052721152,0.0116
budget20_eff128,lora_euclidean,raw,MCI_to_AD,4.0,contrastive_hybrid_basic_finetune,45,22.0,0.699604743083004,0.53,0.8502024291497975,-0.0628900381243905,0.3388
budget20_eff128,lora_euclidean,raw,MCI_to_AD,4.0,contrastive_hybrid_basic_probe,45,22.0,0.7391304347826086,0.5797319718117132,0.8809523809523808,-0.023579075676352,0.6692
budget20_eff128,lora_euclidean,raw,MCI_to_AD,4.0,contrastive_hybrid_basic_s,45,22.0,0.7332015810276681,0.5711388439935351,0.8765542328042326,-0.0292986982353114,0.5848
budget20_eff128,lora_euclidean,raw,MCI_to_AD,4.0,contrastive_rank_kendall_basic_finetune,45,22.0,0.7154150197628459,0.5504096638655462,0.8611248353096178,-0.0472212064435795,0.4592
budget20_eff128,lora_euclidean,raw,MCI_to_AD,4.0,contrastive_rank_kendall_basic_probe,45,22.0,0.7747035573122529,0.6225296442687747,0.9067494457297088,0.0122630498700685,0.8008
budget20_eff128,lora_euclidean,raw,MCI_to_AD,4.0,contrastive_rank_kendall_basic_s,45,22.0,0.7549407114624507,0.5992059475612107,0.8948412698412699,-0.0075295077491075,0.91
budget20_eff128,lora_euclidean,raw,MCI_to_AD,4.0,contrastive_regress_d_finetune,45,22.0,0.6976284584980237,0.526307894736842,0.8531746031746031,-0.0651482026360194,0.2408
budget20_eff128,lora_euclidean,raw,MCI_to_AD,4.0,contrastive_regress_d_probe,45,22.0,0.7608695652173914,0.6007905138339921,0.9048582995951416,-0.0012473822043326,0.9828
budget20_eff128,lora_euclidean,raw,MCI_to_AD,4.0,contrastive_regress_d_s,45,22.0,0.7628458498023716,0.6111111111111112,0.9020194444444442,0.0007204183204215,0.9996
budget20_eff128,lora_euclidean,raw,MCI_to_AD,4.0,direct_logistic,45,22.0,0.6561264822134387,0.4881411161302466,0.8125064300411522,-0.1061426452439752,0.1496
budget20_eff128,lora_euclidean,raw,MCI_to_AD,4.0,ridge_dhat_all,45,22.0,0.7628458498023716,0.6052631578947368,0.896551724137931,,
budget20_eff128,lora_euclidean,raw,MCI_to_AD,4.0,ridge_dhat_finetune,45,22.0,0.7628458498023716,0.6052631578947368,0.896551724137931,0.0,2.0
budget20_eff128,lora_hybrid_basic,raw,MCI_to_AD,4.0,contrastive_euclidean_finetune,45,22.0,0.6521739130434783,0.4784435907046476,0.8065864197530865,-0.1758746324003056,0.0036
budget20_eff128,lora_hybrid_basic,raw,MCI_to_AD,4.0,contrastive_euclidean_probe,45,22.0,0.766798418972332,0.6071322699040091,0.9110785796776134,-0.0617393596370695,0.1476
budget20_eff128,lora_hybrid_basic,raw,MCI_to_AD,4.0,contrastive_euclidean_s,45,22.0,0.225296442687747,0.0872951609793715,0.3814229249011858,-0.6011317329840018,0.0004
budget20_eff128,lora_hybrid_basic,raw,MCI_to_AD,4.0,contrastive_hybrid_basic_finetune,45,22.0,0.6818181818181819,0.5118306613738585,0.8359683794466404,-0.1463902889270732,0.0072
budget20_eff128,lora_hybrid_basic,raw,MCI_to_AD,4.0,contrastive_hybrid_basic_probe,45,22.0,0.7786561264822135,0.6275720164609053,0.9116469827586204,-0.0498988127037507,0.1852
budget20_eff128,lora_hybrid_basic,raw,MCI_to_AD,4.0,contrastive_hybrid_basic_s,45,22.0,0.7648221343873518,0.6080000000000001,0.9,-0.063644045002698,0.098
budget20_eff128,lora_hybrid_basic,raw,MCI_to_AD,4.0,contrastive_rank_kendall_basic_finetune,45,22.0,0.6640316205533597,0.4901175967752055,0.82,-0.1643885353482818,0.0064
budget20_eff128,lora_hybrid_basic,raw,MCI_to_AD,4.0,contrastive_rank_kendall_basic_probe,45,22.0,0.7134387351778656,0.5431796296296296,0.8634592436974788,-0.1154229555665901,0.0256
budget20_eff128,lora_hybrid_basic,raw,MCI_to_AD,4.0,contrastive_rank_kendall_basic_s,45,22.0,0.7569169960474309,0.5892857142857143,0.9048582995951416,-0.0714579250652483,0.1736
budget20_eff128,lora_hybrid_basic,raw,MCI_to_AD,4.0,contrastive_regress_d_finetune,45,22.0,0.7055335968379447,0.5404618265030163,0.8540062753036436,-0.1226357587543479,0.0108
budget20_eff128,lora_hybrid_basic,raw,MCI_to_AD,4.0,contrastive_regress_d_probe,45,22.0,0.7549407114624506,0.5928780559215342,0.8987854251012146,-0.0735222296851381,0.0744
budget20_eff128,lora_hybrid_basic,raw,MCI_to_AD,4.0,contrastive_regress_d_s,45,22.0,0.7885375494071146,0.6357721537763507,0.9186507936507936,-0.0399193127210966,0.374
budget20_eff128,lora_hybrid_basic,raw,MCI_to_AD,4.0,direct_logistic,45,22.0,0.6660079051383399,0.4959475895621407,0.8241190162494509,-0.1620556797445783,0.0168
budget20_eff128,lora_hybrid_basic,raw,MCI_to_AD,4.0,ridge_dhat_all,45,22.0,0.8280632411067194,0.6879936758893281,0.9418103448275862,,
budget20_eff128,lora_hybrid_basic,raw,MCI_to_AD,4.0,ridge_dhat_finetune,45,22.0,0.8280632411067194,0.6879936758893281,0.9418103448275862,0.0,2.0
budget20_eff128,lora_regress_d,raw,MCI_to_AD,4.0,contrastive_euclidean_finetune,45,22.0,0.7628458498023716,0.6092436974789917,0.894,-0.0241119756901255,0.6228
budget20_eff128,lora_regress_d,raw,MCI_to_AD,4.0,contrastive_euclidean_probe,45,22.0,0.7312252964426877,0.5711388439935351,0.8730392156862743,-0.0558297624791463,0.1688
budget20_eff128,lora_regress_d,raw,MCI_to_AD,4.0,contrastive_euclidean_s,45,22.0,0.2845849802371542,0.1428571428571428,0.4479999999999999,-0.4998998980441891,0.0016
budget20_eff128,lora_regress_d,raw,MCI_to_AD,4.0,contrastive_hybrid_basic_finetune,45,22.0,0.7490118577075099,0.5924260504201679,0.884453781512605,-0.0386785109842772,0.4108
budget20_eff128,lora_regress_d,raw,MCI_to_AD,4.0,contrastive_hybrid_basic_probe,45,22.0,0.7529644268774704,0.5972222222222223,0.8927125506072875,-0.0338450797479401,0.3964
budget20_eff128,lora_regress_d,raw,MCI_to_AD,4.0,contrastive_hybrid_basic_s,45,22.0,0.7608695652173914,0.603435598377282,0.898,-0.0255569434747792,0.5468
budget20_eff128,lora_regress_d,raw,MCI_to_AD,4.0,contrastive_rank_kendall_basic_finetune,45,22.0,0.766798418972332,0.615380658436214,0.8909465020576132,-0.0209767445719449,0.6908
budget20_eff128,lora_regress_d,raw,MCI_to_AD,4.0,contrastive_rank_kendall_basic_probe,45,22.0,0.7766798418972333,0.6259878600823046,0.908734126984127,-0.0102457537520868,0.8656
budget20_eff128,lora_regress_d,raw,MCI_to_AD,4.0,contrastive_rank_kendall_basic_s,45,22.0,0.7747035573122529,0.6190358554488989,0.9071219440784656,-0.0117449162121227,0.8328
budget20_eff128,lora_regress_d,raw,MCI_to_AD,4.0,contrastive_regress_d_finetune,45,22.0,0.7430830039525691,0.5809716599190283,0.8873679841897231,-0.0445508913935947,0.4116
budget20_eff128,lora_regress_d,raw,MCI_to_AD,4.0,contrastive_regress_d_probe,45,22.0,0.7470355731225297,0.5849390645586299,0.89,-0.0400543094258507,0.336
budget20_eff128,lora_regress_d,raw,MCI_to_AD,4.0,contrastive_regress_d_s,45,22.0,0.7608695652173914,0.6060000000000001,0.8991769547325102,-0.0257836256976564,0.3464
budget20_eff128,lora_regress_d,raw,MCI_to_AD,4.0,direct_logistic,45,22.0,0.7470355731225297,0.5840327731092437,0.8871031493051127,-0.0401545233517307,0.5344
budget20_eff128,lora_regress_d,raw,MCI_to_AD,4.0,ridge_dhat_all,45,22.0,0.7865612648221344,0.6337448559670782,0.9186507936507936,,
budget20_eff128,lora_regress_d,raw,MCI_to_AD,4.0,ridge_dhat_finetune,45,22.0,0.7865612648221344,0.6337448559670782,0.9186507936507936,0.0,2.0
old_full_20eff128_reference,full_euclidean,raw,MCI_to_AD,4.0,contrastive_euclidean_finetune,45,22.0,0.7094861660079052,0.54,0.8562969924812027,-0.0548268801225042,0.414
old_full_20eff128_reference,full_euclidean,raw,MCI_to_AD,4.0,contrastive_euclidean_probe,45,22.0,0.7490118577075099,0.5890688259109311,0.8873517786561265,-0.015669525027414,0.7636
old_full_20eff128_reference,full_euclidean,raw,MCI_to_AD,4.0,contrastive_euclidean_s,45,22.0,0.4446640316205533,0.2739952380952381,0.6200138339920946,-0.3199834380506174,0.0148
old_full_20eff128_reference,full_euclidean,raw,MCI_to_AD,4.0,contrastive_hybrid_basic_finetune,45,22.0,0.7351778656126482,0.5714285714285715,0.8745315789473679,-0.0293497965129973,0.6264
old_full_20eff128_reference,full_euclidean,raw,MCI_to_AD,4.0,contrastive_hybrid_basic_probe,45,22.0,0.741106719367589,0.5810081491240912,0.882936507936508,-0.0234697685124845,0.6568
old_full_20eff128_reference,full_euclidean,raw,MCI_to_AD,4.0,contrastive_hybrid_basic_s,45,22.0,0.7470355731225297,0.5908997381219604,0.886,-0.01721271374187,0.7312
old_full_20eff128_reference,full_euclidean,raw,MCI_to_AD,4.0,contrastive_rank_kendall_basic_finetune,45,22.0,0.7173913043478262,0.5474090268998736,0.8685473111658454,-0.0472090731592615,0.3988
old_full_20eff128_reference,full_euclidean,raw,MCI_to_AD,4.0,contrastive_rank_kendall_basic_probe,45,22.0,0.7648221343873518,0.6047430830039526,0.9048582995951416,0.0006096839951858,1.008
old_full_20eff128_reference,full_euclidean,raw,MCI_to_AD,4.0,contrastive_rank_kendall_basic_s,45,22.0,0.7154150197628459,0.5479904761904763,0.8680078189300411,-0.0492730546254342,0.4336
old_full_20eff128_reference,full_euclidean,raw,MCI_to_AD,4.0,contrastive_regress_d_finetune,45,22.0,0.7470355731225297,0.5843564518043685,0.8900172064777325,-0.0172524056191321,0.768
old_full_20eff128_reference,full_euclidean,raw,MCI_to_AD,4.0,contrastive_regress_d_probe,45,22.0,0.7569169960474309,0.5908947669977082,0.9008191179529852,-0.0074805209072836,0.8556
old_full_20eff128_reference,full_euclidean,raw,MCI_to_AD,4.0,contrastive_regress_d_s,45,22.0,0.7351778656126483,0.575389375117636,0.8785439679445528,-0.0294544355982245,0.584
old_full_20eff128_reference,full_euclidean,raw,MCI_to_AD,4.0,direct_logistic,45,22.0,0.6561264822134387,0.4881411161302466,0.8125064300411522,-0.1080864061155738,0.1428
old_full_20eff128_reference,full_euclidean,raw,MCI_to_AD,4.0,ridge_dhat_all,45,22.0,0.7648221343873518,0.6072838345864663,0.8968253968253969,,
old_full_20eff128_reference,full_euclidean,raw,MCI_to_AD,4.0,ridge_dhat_finetune,45,22.0,0.7648221343873518,0.6072838345864663,0.8968253968253969,0.0,2.0
old_full_20eff128_reference,full_hybrid_basic,raw,MCI_to_AD,4.0,contrastive_euclidean_finetune,45,22.0,0.6699604743083005,0.5,0.8260000000000001,-0.0750243083520896,0.2652
old_full_20eff128_reference,full_hybrid_basic,raw,MCI_to_AD,4.0,contrastive_euclidean_probe,45,22.0,0.6897233201581028,0.5177865612648221,0.8472222222222222,-0.0557116367592008,0.122
old_full_20eff128_reference,full_hybrid_basic,raw,MCI_to_AD,4.0,contrastive_euclidean_s,45,22.0,0.3181818181818182,0.1575426003734827,0.4920634920634921,-0.4242950323653022,0.01
old_full_20eff128_reference,full_hybrid_basic,raw,MCI_to_AD,4.0,contrastive_hybrid_basic_finetune,45,22.0,0.6541501976284585,0.4805942909227204,0.811740890688259,-0.0908140104467982,0.1728
old_full_20eff128_reference,full_hybrid_basic,raw,MCI_to_AD,4.0,contrastive_hybrid_basic_probe,45,22.0,0.7430830039525692,0.5731225296442688,0.8908730158730158,-0.0017454512557057,0.9548
old_full_20eff128_reference,full_hybrid_basic,raw,MCI_to_AD,4.0,contrastive_hybrid_basic_s,45,22.0,0.7193675889328063,0.5493827160493827,0.869060559006211,-0.0253123468673012,0.5932
old_full_20eff128_reference,full_hybrid_basic,raw,MCI_to_AD,4.0,contrastive_rank_kendall_basic_finetune,45,22.0,0.6304347826086957,0.45267225394037,0.7964426877470355,-0.1143350509943832,0.0756
old_full_20eff128_reference,full_hybrid_basic,raw,MCI_to_AD,4.0,contrastive_rank_kendall_basic_probe,45,22.0,0.6521739130434783,0.4794238683127572,0.8194444444444444,-0.093148896349812,0.1292
old_full_20eff128_reference,full_hybrid_basic,raw,MCI_to_AD,4.0,contrastive_rank_kendall_basic_s,45,22.0,0.658102766798419,0.4835304492167236,0.8214285714285714,-0.086555228820038,0.1552
old_full_20eff128_reference,full_hybrid_basic,raw,MCI_to_AD,4.0,contrastive_regress_d_finetune,45,22.0,0.673913043478261,0.4979423868312757,0.8360008097165993,-0.0715525016397408,0.1916
old_full_20eff128_reference,full_hybrid_basic,raw,MCI_to_AD,4.0,contrastive_regress_d_probe,45,22.0,0.6739130434782609,0.5,0.8354053823256721,-0.0713280038656682,0.1728
old_full_20eff128_reference,full_hybrid_basic,raw,MCI_to_AD,4.0,contrastive_regress_d_s,45,22.0,0.6897233201581028,0.513856792717087,0.8517841897233202,-0.0553342571698322,0.1184
old_full_20eff128_reference,full_hybrid_basic,raw,MCI_to_AD,4.0,direct_logistic,45,22.0,0.624505928853755,0.4519920168067227,0.7874493927125505,-0.1203197690080917,0.0804
old_full_20eff128_reference,full_hybrid_basic,raw,MCI_to_AD,4.0,ridge_dhat_all,45,22.0,0.7450592885375494,0.5810262677825606,0.8886612978524742,,
old_full_20eff128_reference,full_hybrid_basic,raw,MCI_to_AD,4.0,ridge_dhat_finetune,45,22.0,0.7450592885375494,0.5810262677825606,0.8886612978524742,0.0,2.0
old_full_20eff128_reference,full_regress_d,raw,MCI_to_AD,4.0,contrastive_euclidean_finetune,45,22.0,0.691699604743083,0.5237154150197628,0.8380874060150372,-0.0487676998771034,0.5752
old_full_20eff128_reference,full_regress_d,raw,MCI_to_AD,4.0,contrastive_euclidean_probe,45,22.0,0.6976284584980237,0.526307894736842,0.8580246913580246,-0.0433580854932374,0.4356
old_full_20eff128_reference,full_regress_d,raw,MCI_to_AD,4.0,contrastive_euclidean_s,45,22.0,0.4367588932806324,0.2727272727272727,0.6073052631578946,-0.3029192452584497,0.0032
old_full_20eff128_reference,full_regress_d,raw,MCI_to_AD,4.0,contrastive_hybrid_basic_finetune,45,22.0,0.650197628458498,0.4722166666666667,0.808,-0.0901070429027486,0.3296
old_full_20eff128_reference,full_regress_d,raw,MCI_to_AD,4.0,contrastive_hybrid_basic_probe,45,22.0,0.7055335968379446,0.5375494071146245,0.8600883440795721,-0.035936820644147,0.544
old_full_20eff128_reference,full_regress_d,raw,MCI_to_AD,4.0,contrastive_hybrid_basic_s,45,22.0,0.6699604743083004,0.4959497509205111,0.8260869565217391,-0.0714654702829695,0.3388
old_full_20eff128_reference,full_regress_d,raw,MCI_to_AD,4.0,contrastive_rank_kendall_basic_finetune,45,22.0,0.6679841897233202,0.496031746031746,0.8214394158473105,-0.0724284466390799,0.376
old_full_20eff128_reference,full_regress_d,raw,MCI_to_AD,4.0,contrastive_rank_kendall_basic_probe,45,22.0,0.7351778656126482,0.5750938135091453,0.8809523809523809,-0.0056418718081228,0.9216
old_full_20eff128_reference,full_regress_d,raw,MCI_to_AD,4.0,contrastive_rank_kendall_basic_s,45,22.0,0.7549407114624507,0.5952286843591191,0.8971193415637859,0.0136395378104498,0.7588
old_full_20eff128_reference,full_regress_d,raw,MCI_to_AD,4.0,contrastive_regress_d_finetune,45,22.0,0.7312252964426877,0.5714141122035858,0.8726066468253967,-0.0090955410133738,0.9032
old_full_20eff128_reference,full_regress_d,raw,MCI_to_AD,4.0,contrastive_regress_d_probe,45,22.0,0.741106719367589,0.5793572369659326,0.89,-0.0002079429343485,1.0008
old_full_20eff128_reference,full_regress_d,raw,MCI_to_AD,4.0,contrastive_regress_d_s,45,22.0,0.7470355731225297,0.5849590966099117,0.8932806324110673,0.0052652222542299,0.9152
old_full_20eff128_reference,full_regress_d,raw,MCI_to_AD,4.0,direct_logistic,45,22.0,0.7015810276679842,0.5384424603174603,0.8520056680161944,-0.0403661451465043,0.6432
old_full_20eff128_reference,full_regress_d,raw,MCI_to_AD,4.0,ridge_dhat_all,45,22.0,0.741106719367589,0.5773733060417843,0.8833992094861659,,
old_full_20eff128_reference,full_regress_d,raw,MCI_to_AD,4.0,ridge_dhat_finetune,45,22.0,0.741106719367589,0.5773733060417843,0.8833992094861659,0.0,2.0
